Accession,Host,Subtype,Year,Length,Country,VirusName,Protein
ADJ37853,Human,H1N1,2009,566,United Kingdom,Influenza A virus (A/England/H093780041/2009(H1N1)),HA
AGU92777,Human,H1N1,2012,566,USA,Influenza A virus (A/Georgia/M5081/2012(H1N1)),HA
ADQ28020,Human,H1N1,2009,566,Brazil,Influenza A virus (A/Sao Paulo/59118/2009(H1N1)),HA
AEF28915,Human,H1N1,2010,566,China,Influenza A virus (A/Guangdong/296/2010(H1N1)),HA
BAM37710,Human,H1N1,2009,566,Japan,Influenza A virus (A/Tottori/ST332/2009(H1N1)),HA
ACS45035,Human,H1N1,2009,566,USA,Influenza A virus (A/California/04/2009(H1N1)),HA
AGL04611,Human,H1N1,2012,566,USA,Influenza A virus (A/Illinois/04/2012(H1N1)),HA
ADN89842,Human,H1N1,2009,565,USA,Influenza A virus (A/California/VRDL380/2009(H1N1)),HA
ADD23355,Human,H1N1,2009,566,USA,Influenza A virus (A/District of Columbia/INS29/2009(H1N1)),HA
AGL04556,Human,H1N1,2012,566,USA,Influenza A virus (A/Illinois/05/2012(H1N1)),HA
AEJ82784,Human,H1N1,2010,566,Taiwan,Influenza A virus (A/Taiwan/3994/2010(H1N1)),HA
BAO04167,Human,H1N1,2009,566,Japan,Influenza A virus (A/Hokkaido/T64LP4/2009(H1N1)),HA
AGK72563,Human,H1N1,2011,566,USA,Influenza A virus (A/North Carolina/09/2011(H1N1)),HA
AGK72773,Human,H1N1,2011,566,USA,Influenza A virus (A/Mississippi/07/2011(H1N1)),HA
AGL04963,Human,H1N1,2012,566,USA,Influenza A virus (A/Washington/44/2012(H1N1)),HA
ADO79929,Human,H1N1,2010,566,Iran,Influenza A virus (A/Shiraz/7/2010(H1N1)),HA
ADJ00506,Human,H1N1,2009,566,Argentina,Influenza A virus (A/Argentina/07-09GP/2009(H1N1)),HA
AEO01349,Human,H1N1,2009,566,United Kingdom,Influenza A virus (A/England/746/2009(H1N1)),HA
ADZ53082,Human,H1N1,2008,555,Hong Kong,Influenza A virus (A/Hong Kong/03807/2008(H1N1)),HA
ADK26532,Human,H1N1,2009,562,Thailand,Influenza A virus (A/Thailand/CU-MV45/2009(H1N1)),HA
ACZ27800,Human,H1N1,2009,566,Russia,Influenza A virus (A/Vladivostok/01/2009(H1N1)),HA
ADN92791,Human,H1N1,2008,565,Taiwan,Influenza A virus (A/Taiwan/11526/2008(H1N1)),HA
AEJ10440,Human,H1N1,2010,566,Australia,Influenza A virus (A/Sydney/DD3-57/2010(H1N1)),HA
ADM32731,Human,H1N1,2009,566,Nicaragua,Influenza A virus (A/Managua/12.01/2009(H1N1)),HA
AGS41728,Human,H1N1,2011,566,China,Influenza A virus (A/Qingdao/F162/2011(H1N1)),HA
AGB08298,Human,H1N1,2012,566,Brazil,Influenza A virus (A/Mato Grosso do Sul/58686/2012(H1N1)),HA
ACZ96359,Human,H1N1,2009,566,USA,Influenza A virus (A/Texas/45043852/2009(H1N1)),HA
AGL04804,Human,H1N1,2011,566,USA,Influenza A virus (A/California/52/2011(H1N1)),HA
ADD97928,Human,H1N1,2009,566,USA,Influenza A virus (A/Wisconsin/629-D00128/2009(H1N1)),HA
ARG44457,Human,H1N1,2010,566,Mexico,Influenza A virus (A/Mexico/INCMNSZ/RF518/2010(H1N1)),HA
AFN20076,Human,H1N1,2011,566,Singapore,Influenza A virus (A/Singapore/TT187/2011(H1N1)),HA
ADK26542,Human,H1N1,2009,550,Thailand,Influenza A virus (A/Thailand/CU-MV4/2009(H1N1)),HA
AGK72472,Human,H1N1,2011,566,USA,Influenza A virus (A/Wisconsin/17/2011(H1N1)),HA
AEM63477,Human,H1N1,2009,566,India,Influenza A virus (A/Ngp/NIV11203/2009(H1N1)),HA
AGQ88577,Human,H1N1,2012,566,India,Influenza A virus (A/India/P121939/2012(H1N1)),HA
ADD97341,Human,H1N1,2009,566,USA,Influenza A virus (A/Wisconsin/629-S1252/2009(H1N1)),HA
AII30362,Human,H1N1,2010,566,Oman,Influenza A virus (A/Oman/SQUH-33/2010(H1N1)),HA
AGS41730,Human,H1N1,2011,566,China,Influenza A virus (A/Qingdao/F166/2011(H1N1)),HA
AGV74330,Human,H1N1,2012,566,Canada,Influenza A virus (A/Ontario/011/2012(H1N1)),HA
AGB13310,Human,H1N1,2010,566,Greece,Influenza A virus (A/Athens/INS555/2010(H1N1)),HA
BAI44856,Human,H1N1,2008,561,Thailand,Influenza A virus (A/Thailand/530/2008(H1N1)),HA
AGI54322,Human,H1N1,2010,566,USA,Influenza A virus (A/Hawaii/02/2010(H1N1)),HA
AGW83294,Human,H1N1,2011,566,Bolivia,Influenza A virus (A/Santa Cruz/2083/2011(H1N1)),HA
AEQ38190,Human,H1N1,2009,565,Hong Kong,Influenza A virus (A/Hong Kong/18443/2009(H1N1)),HA
ADF87162,Human,H1N1,2010,566,USA,Influenza A virus (A/New York/1999/2010(H1N1)),HA
ADG21158,Human,H1N1,2009,566,Afghanistan,Influenza A virus (A/Afghanistan/N11215/2009(H1N1)),HA
AEX34779,Human,H1N1,2008,565,Viet Nam,Influenza A virus (A/HaNoi/BT241/2008(H1N1)),HA
AHH25237,Human,H1N1,2010,566,Ghana,Influenza A virus (A/Ghana/FS-10-3638/2010(H1N1)),HA
AGI55410,Human,H1N1,2009,566,USA,Influenza A virus (A/Minnesota/40/2009(H1N1)),HA
AEV40126,Human,H1N1,2010,566,China,Influenza A virus (A/Shenzhen/37/2010(H1N1)),HA
AEK85389,Human,H1N1,2009,566,Taiwan,Influenza A virus (A/Taiwan/98584/2009(H1N1)),HA
ADF27372,Human,H1N1,2009,566,Taiwan,Influenza A virus (A/Taiwan/7336/2009(H1N1)),HA
AHB59390,Human,H1N1,2010,566,Thailand,Influenza A virus (A/Thailand/SirirajICRC_BKK_1/2010(H1N1)),HA
AFM73045,Human,H1N1,2010,566,USA,Influenza A virus (A/South Carolina/10/2010(H1N1)),HA
BAI44853,Human,H1N1,2008,565,Thailand,Influenza A virus (A/Thailand/469/2008(H1N1)),HA
ACZ16240,Human,H1N1,2009,566,USA,Influenza A virus (A/Wisconsin/629-D01619/2009(H1N1)),HA
ADE21068,Human,H1N1,2009,566,USA,Influenza A virus (A/Wisconsin/629-D02424/2009(H1N1)),HA
AFP35045,Human,H1N1,2010,566,Singapore,Influenza A virus (A/Singapore/GP643/2010(H1N1)),HA
ADO14362,Human,H1N1,2009,566,Russia,Influenza A virus (A/Saint-Petersburg/RII96/2009(H1N1)),HA
AKM14746,Human,H1N1,2012,566,India,Influenza A virus (A/Bangalore/2629-37/2012(H1N1)),HA
AHL90253,Human,H1N1,2008,565,USA,Influenza A virus (A/New York/1116/2008(H1N1)),HA
ADL39445,Human,H1N1,2009,565,USA,Influenza A virus (A/California/WRAIR1243P/2009(H1N1)),HA
BAJ06688,Human,H1N1,2010,566,Japan,Influenza A virus (A/Nagasaki/HA-10-27/2010(H1N1)),HA
ANN44938,Human,H1N1,2010,566,Kenya,Influenza A virus (A/Kenya/63/2010(H1N1)),HA
AEE00200,Human,H1N1,2009,566,Kazakhstan,Influenza A virus (A/Astana/S4/2009(H1N1)),HA
AEG77147,Human,H1N1,2011,540,Italy,Influenza A virus (A/Palermo/05/2011(H1N1)),HA
AJK00903,Human,H1N1,2008,565,Singapore,Influenza A virus (A/Singapore/613/2008(H1N1)),HA
AHB59322,Human,H1N1,2011,552,USA,Influenza A virus (A/USA/RVD1_H1/2011(H1N1)),HA
AET84306,Human,H1N1,2008,565,Colombia,Influenza A virus (A/Medellin/WRAIR1297P/2008(H1N1)),HA
AGO02400,Human,H1N1,2012,566,Brazil,Influenza A virus (A/Para/118464/2012(H1N1)),HA
AEO01398,Human,H1N1,2009,566,United Kingdom,Influenza A virus (A/England/94400003/2009(H1N1)),HA
BAM37736,Human,H1N1,2009,566,Japan,Influenza A virus (A/Tottori/ST390/2009(H1N1)),HA
ADM07154,Human,H1N1,2009,566,Singapore,Influenza A virus (A/Singapore/478/2009(H1N1)),HA
AFK14395,Human,H1N1,2009,566,United Kingdom,Influenza A virus (A/Scotland/Perth_09V501016/2009(H1N1)),HA
ADG21944,Human,H1N1,2009,566,Thailand,Influenza A virus (A/Thailand/THB0442/2009(H1N1)),HA
AGV29187,Human,H1N1,2012,566,USA,Influenza A virus (A/Tennessee/09/2012(H1N1)),HA
AGB13210,Human,H1N1,2011,566,Germany,Influenza A virus (A/Cologne/INS538/2011(H1N1)),HA
AEW22712,Human,H1N1,2011,566,Russia,Influenza A virus (A/Novosibirsk/89d/2011(H1N1)),HA
ACU56931,Human,H1N1,2009,566,Kazakhstan,Influenza A virus (A/Almati/01/2009(H1N1)),HA
AGI53996,Human,H1N1,2010,566,USA,Influenza A virus (A/Pennsylvania/07/2010(H1N1)),HA
BAJ40948,Human,H1N1,2009,566,Japan,Influenza A virus (A/Kobe/91571/2009(H1N1)),HA
AEC33226,Human,H1N1,2011,566,China,Influenza A virus (A/Beijing/HZ01/2011(H1N1)),HA
AEO01309,Human,H1N1,2009,566,United Kingdom,Influenza A virus (A/England/1023/2009(H1N1)),HA
ADM13251,Human,H1N1,2010,566,Greece,Influenza A virus (A/Athens/INS417/2010(H1N1)),HA
ADX98777,Human,H1N1,2009,566,Denmark,Influenza A virus (A/Aarhus/INS239/2009(H1N1)),HA
ADU76779,Human,H1N1,2009,566,United Kingdom,Influenza A virus (A/England/94760027/2009(H1N1)),HA
AEB89915,Human,H1N1,2011,542,Italy,Influenza A virus (A/Milan/84/2011(H1N1)),HA
AEL95426,Human,H1N1,2010,566,Thailand,Influenza A virus (A/Bangkok/INS513/2010(H1N1)),HA
ACR15238,Human,H1N1,2008,565,Taiwan,Influenza A virus (A/Taiwan/70013/2008(H1N1)),HA
AIW63607,Human,H1N1,2012,566,China,Influenza A virus (A/FuZhou/SWL1962/2012(H1N1)),HA
ADH01958,Human,H1N1,2009,566,Denmark,Influenza A virus (A/Aalborg/INS133/2009(H1N1)),HA
AGQ88632,Human,H1N1,2012,566,India,Influenza A virus (A/India/Nsk12388/2012(H1N1)),HA
ADG21167,Human,H1N1,2009,566,Kuwait,Influenza A virus (A/Kuwait/N12991/2009(H1N1)),HA
ADD74958,Human,H1N1,2009,566,USA,Influenza A virus (A/District of Columbia/INS44/2009(H1N1)),HA
AGI53332,Human,H1N1,2009,566,USA,Influenza A virus (A/Vermont/28/2009(H1N1)),HA
AJJ99686,Human,H1N1,2012,566,Thailand,Influenza A virus (A/Thailand/SN11783/2012(H1N1)),HA
AHH25260,Human,H1N1,2010,566,Cote d'Ivoire,Influenza A virus (A/Cote d'Ivoire/830/2010(H1N1)),HA
AFB77635,Human,H1N1,2011,566,Kenya,Influenza A virus (A/Kenya/139/2011(H1N1)),HA
AFN87941,Human,H1N1,2010,566,China,Influenza A virus (A/Guangdong/302/2010(H1N1)),HA
AEO01473,Human,H1N1,2009,566,United Kingdom,Influenza A virus (A/England/94800108/2009(H1N1)),HA
AEO01456,Human,H1N1,2009,566,United Kingdom,Influenza A virus (A/England/94720080/2009(H1N1)),HA
AGI54506,Human,H1N1,2009,566,USA,Influenza A virus (A/Kansas/18/2009(H1N1)),HA
ACT33104,Human,H1N1,2009,566,Germany,Influenza A virus (A/Brandenburg/19/2009(H1N1)),HA
ADW09175,Human,H1N1,2009,565,USA,Influenza A virus (A/Boston/13/2009(H1N1)),HA
ADO29895,Human,H1N1,2009,566,China,Influenza A virus (A/Qingdao/1610/2009(H1N1)),HA
AFP35361,Human,H1N1,2010,566,Singapore,Influenza A virus (A/Singapore/SS09/2010(H1N1)),HA
ACZ98168,Human,H1N1,2009,566,USA,Influenza A virus (A/New York/4238/2009(H1N1)),HA
AGL04779,Human,H1N1,2012,566,USA,Influenza A virus (A/Texas/36/2012(H1N1)),HA
ADN06289,Human,H1N1,2009,565,USA,Influenza A virus (A/California/VRDL153/2009(H1N1)),HA
ADD97161,Human,H1N1,2009,566,USA,Influenza A virus (A/Wisconsin/629-D01935/2009(H1N1)),HA
AGK73172,Human,H1N1,2010,566,USA,Influenza A virus (A/Delaware/08/2010(H1N1)),HA
AEQ38195,Human,H1N1,2009,565,Hong Kong,Influenza A virus (A/Hong Kong/45537/2009(H1N1)),HA
ADB03621,Human,H1N1,2009,566,Turkey,Influenza A virus (A/Ankara/20/2009(H1N1)),HA
ADK33891,Human,H1N1,2009,566,Greece,Influenza A virus (A/Athens/INS264/2009(H1N1)),HA
ADM52594,Human,H1N1,2009,566,Nicaragua,Influenza A virus (A/Managua/4451.02/2009(H1N1)),HA
AIC65602,Human,H1N1,2010,566,Sri Lanka,Influenza A virus (A/Sri Lanka/20708/2010(H1N1)),HA
AHH25259,Human,H1N1,2009,566,Ghana,Influenza A virus (A/Ghana/FS-2328/2009(H1N1)),HA
ADH29457,Human,H1N1,2009,566,China,Influenza A virus (A/Lishui/01p/2009(H1N1)),HA
AHK10799,Human,H1N1,2012,566,USA,Influenza A virus (A/Arizona/M20/2012(H1N1)),HA
AKA63640,Human,H1N1,2011,566,Thailand,Influenza A virus (A/Thailand/CU-B4717/2011(H1N1)),HA
AGR50074,Human,H1N1,2009,566,Mexico,Influenza A virus (A/Mexico/24028/2009(H1N1)),HA
AHH25257,Human,H1N1,2010,566,Senegal,Influenza A virus (A/Senegal/034/2010(H1N1)),HA
ADD97241,Human,H1N1,2009,566,USA,Influenza A virus (A/Wisconsin/629-D00287/2009(H1N1)),HA
AEO01423,Human,H1N1,2009,566,United Kingdom,Influenza A virus (A/England/812/2009(H1N1)),HA
AOR17488,Human,H1N1,2012,566,India,Influenza A virus (A/India/P122707/2012(H1N1)),HA
BAM37878,Human,H1N1,2011,566,Japan,Influenza A virus (A/Tottori/TT114/2011(H1N1)),HA
AEA74011,Human,H1N1,2010,566,Nicaragua,Influenza A virus (A/Managua/5708.01/2010(H1N1)),HA
ACZ16300,Human,H1N1,2009,566,USA,Influenza A virus (A/Wisconsin/629-D02068/2009(H1N1)),HA
ACU44381,Human,H1N1,2009,565,USA,Influenza A virus (A/Ohio/05/2009(H1N1)),HA
AGL04758,Human,H1N1,2012,566,USA,Influenza A virus (A/Georgia/08/2012(H1N1)),HA
AEI86864,Human,H1N1,2010,566,Australia,Influenza A virus (A/Sydney/DD3-17/2010(H1N1)),HA
ADN24124,Human,H1N1,2009,557,Canada,Influenza A virus (A/Canada-SK/RV2929/2009(H1N1)),HA
ADG21145,Human,H1N1,2009,566,Afghanistan,Influenza A virus (A/Afghanistan/N10736/2009(H1N1)),HA
ADF27375,Human,H1N1,2009,566,Taiwan,Influenza A virus (A/Taiwan/2253/2009(H1N1)),HA
AGK72403,Human,H1N1,2011,566,USA,Influenza A virus (A/Nebraska/06/2011(H1N1)),HA
AEW25519,Human,H1N1,2009,566,China,Influenza A virus (A/Zhejiang/79/2009(H1N1)),HA
ADB81459,Human,H1N1,2009,566,Russia,Influenza A virus (A/Russia/180/2009(H1N1)),HA
ADM31808,Human,H1N1,2009,566,Greece,Influenza A virus (A/Athens/INS345/2009(H1N1)),HA
AIW63603,Human,H1N1,2011,566,China,Influenza A virus (A/FuZhou/SWL1216/2011(H1N1)),HA
ADD84496,Human,H1N1,2009,566,China,Influenza A virus (A/Xian/006/2009(H1N1)),HA
AGI52958,Human,H1N1,2009,566,USA,Influenza A virus (A/Minnesota/22/2009(H1N1)),HA
AHM98328,Human,H1N1,2011,565,Hong Kong,Influenza A virus (A/Kowloon/INS3_637/2011(H1N1)),HA
AKA63638,Human,H1N1,2011,566,Thailand,Influenza A virus (A/Thailand/CU-B4656/2011(H1N1)),HA
AGI52558,Human,H1N1,2009,566,USA,Influenza A virus (A/Mississippi/02/2009(H1N1)),HA
AHH25281,Human,H1N1,2010,566,Ghana,Influenza A virus (A/Ghana/FS-10-4026/2010(H1N1)),HA
AEW25377,Human,H1N1,2009,566,China,Influenza A virus (A/Shenzhen/40/2009(H1N1)),HA
ACY77603,Human,H1N1,2009,565,USA,Influenza A virus (A/Cherry Point/WR0102/2009(H1N1)),HA
ADF27905,Human,H1N1,2010,566,USA,Influenza A virus (A/Texas/JMS405/2010(H1N1)),HA
AIJ10865,Human,H1N1,2009,566,India,Influenza A virus (A/Mumbai/3087/2009(H1N1)),HA
ACY46173,Human,H1N1,2009,566,Singapore,Influenza A virus (A/Singapore/ON923/2009(H1N1)),HA
AJJ99335,Human,H1N1,2009,566,Thailand,Influenza A virus (A/Thailand/IY07086/2009(H1N1)),HA
AGI55374,Human,H1N1,2009,566,USA,Influenza A virus (A/South Carolina/18/2009(H1N1)),HA
AEF28945,Human,H1N1,2011,566,China,Influenza A virus (A/Guangdong/049/2011(H1N1)),HA
AHZ40826,Human,H1N1,2009,566,USA,Influenza A virus (A/California/07-JRO10/2009(H1N1)),HA
ADD14133,Human,H1N1,2009,566,Malaysia,Influenza A virus (A/Malaysia/5283/2009(H1N1)),HA
ADG42583,Human,H1N1,2009,566,Spain,Influenza A virus (A/Madrid/INS186/2009(H1N1)),HA
AOG29993,Human,H1N1,2010,549,Australia,Influenza A virus (A/Australia/1962-1T/2010(H1N1)),HA
AEJ83847,Human,H1N1,2011,566,Russia,Influenza A virus (A/Nizhnii Novgorod/CRIE-LAV/2011(H1N1)),HA
AII31192,Human,H1N1,2011,566,India,Influenza A virus (A/Kerala/RGCBE658/2011(H1N1)),HA
AII30360,Human,H1N1,2009,566,Oman,Influenza A virus (A/Oman/SQUH-31/2009(H1N1)),HA
AEN55493,Human,H1N1,2010,566,Thailand,Influenza A virus (A/Bangkok/INS490/2010(H1N1)),HA
AJK02510,Human,H1N1,2008,565,Brazil,Influenza A virus (A/Brazil/2410/2008(H1N1)),HA
AET84207,Human,H1N1,2009,565,USA,Influenza A virus (A/Nevada/WRAIR1117P/2009(H1N1)),HA
AGI53975,Human,H1N1,2010,566,USA,Influenza A virus (A/Alabama/04/2010(H1N1)),HA
ADF27376,Human,H1N1,2009,566,Taiwan,Influenza A virus (A/Taiwan/7949/2009(H1N1)),HA
ADD98158,Human,H1N1,2009,566,USA,Influenza A virus (A/Wisconsin/629-D00401/2009(H1N1)),HA
AEA73971,Human,H1N1,2009,566,USA,Influenza A virus (A/Boston/685/2009(H1N1)),HA
AJK03098,Human,H1N1,2008,565,China,Influenza A virus (A/Beijing Xicheng/1278/2008(H1N1)),HA
AEJ82777,Human,H1N1,2009,566,Taiwan,Influenza A virus (A/Taiwan/7418/2009(H1N1)),HA
AFN18644,Human,H1N1,2009,566,Singapore,Influenza A virus (A/Singapore/ON1892/2009(H1N1)),HA
AEO01250,Human,H1N1,2009,566,United Kingdom,Influenza A virus (A/England/93840010/2009(H1N1)),HA
ACT33094,Human,H1N1,2009,566,Germany,Influenza A virus (A/Bayern/62/2009(H1N1)),HA
AMU04376,Human,H1N1,2012,566,Jordan,Influenza A virus (A/Jordan/B1713/2012(H1N1)),HA
AGB13430,Human,H1N1,2010,566,Thailand,Influenza A virus (A/Bangkok/INS584/2010(H1N1)),HA
AHL90157,Human,H1N1,2008,565,USA,Influenza A virus (A/New York/1108/2008(H1N1)),HA
ADG42393,Human,H1N1,2009,566,Greece,Influenza A virus (A/Athens/INS162/2009(H1N1)),HA
ADW10787,Human,H1N1,2009,565,USA,Influenza A virus (A/Boston/72/2009(H1N1)),HA
AGI53899,Human,H1N1,2010,566,USA,Influenza A virus (A/Maryland/05/2010(H1N1)),HA
AHL90205,Human,H1N1,2008,565,USA,Influenza A virus (A/New York/1112/2008(H1N1)),HA
AOR17505,Human,H1N1,2012,566,India,Influenza A virus (A/India/P123176/2012(H1N1)),HA
ACK99026,Human,H1N1,2008,565,Norway,Influenza A virus (A/Norway/199/2008(H1N1)),HA
ADK33811,Human,H1N1,2009,566,Denmark,Influenza A virus (A/Aarhus/INS253/2009(H1N1)),HA
ADX98853,Human,H1N1,2009,566,Poland,Influenza A virus (A/Wroclaw/INS435/2009(H1N1)),HA
ALX27735,Human,H1N1,2011,566,Cambodia,Influenza A virus (A/Cambodia/V1019341/2011(H1N1)),HA
AFN19849,Human,H1N1,2011,566,Singapore,Influenza A virus (A/Singapore/GP767/2011(H1N1)),HA
AEO01529,Human,H1N1,2009,566,United Kingdom,Influenza A virus (A/England/1051/2009(H1N1)),HA
AJE62467,Human,H1N1,2010,566,India,Influenza A virus (A/Chattisgarh/026/2010(H1N1)),HA
AEG77073,Human,H1N1,2011,540,Italy,Influenza A virus (A/Pavia/42/2011(H1N1)),HA
ADG59703,Human,H1N1,2009,566,Russia,Influenza A virus (A/Chita/CRIE-8/2009(H1N1)),HA
AOR17542,Human,H1N1,2012,566,India,Influenza A virus (A/India/P1210194/2012(H1N1)),HA
AEK85413,Human,H1N1,2009,566,Taiwan,Influenza A virus (A/Taiwan/97138/2009(H1N1)),HA
AEJ82783,Human,H1N1,2010,566,Taiwan,Influenza A virus (A/Taiwan/1164/2010(H1N1)),HA
AEK85454,Human,H1N1,2010,566,Taiwan,Influenza A virus (A/Taiwan/71463/2010(H1N1)),HA
AGI54831,Human,H1N1,2009,566,USA,Influenza A virus (A/Nevada/15/2009(H1N1)),HA
AGI54586,Human,H1N1,2009,566,USA,Influenza A virus (A/Texas/72/2009(H1N1)),HA
AEI86744,Human,H1N1,2010,566,Australia,Influenza A virus (A/Sydney/DD3-04/2010(H1N1)),HA
BAM37726,Human,H1N1,2009,566,Japan,Influenza A virus (A/Tottori/ST370/2009(H1N1)),HA
AGI53789,Human,H1N1,2009,566,USA,Influenza A virus (A/Washington/74/2009(H1N1)),HA
AEZ01113,Human,H1N1,2009,566,Finland,Influenza A virus (A/Helsinki/Vi1/2009(H1N1)),HA
ADK26556,Human,H1N1,2009,550,Thailand,Influenza A virus (A/Thailand/CU-MV23/2009(H1N1)),HA
ADV69048,Human,H1N1,2010,544,Denmark,Influenza A virus (A/Denmark/115/2010(H1N1)),HA
ADD21395,Human,H1N1,2009,566,Hong Kong,Influenza A virus (A/Hong Kong/415742/2009(H1N1)),HA
ADM95759,Human,H1N1,2009,566,Finland,Influenza A virus (A/Finland/583/2009(H1N1)),HA
ADB89321,Human,H1N1,2009,566,USA,Influenza A virus (A/California/VRDL20/2009(H1N1)),HA
AFV31566,Human,H1N1,2009,566,USA,Influenza A virus (A/Kentucky/80/2009(H1N1)),HA
AFB77634,Human,H1N1,2011,566,Kenya,Influenza A virus (A/Kenya/138/2011(H1N1)),HA
BAI48175,Human,H1N1,2009,566,Japan,Influenza A virus (A/Nagasaki/HA-17/2009(H1N1)),HA
ANN44939,Human,H1N1,2009,566,Kenya,Influenza A virus (A/Kenya/62/2009(H1N1)),HA
ADN24059,Human,H1N1,2009,557,Canada,Influenza A virus (A/Canada-NB/RV2475/2009(H1N1)),HA
ADK65028,Human,H1N1,2010,550,Thailand,Influenza A virus (A/Thailand/CU-MV51/2010(H1N1)),HA
ACR18920,Human,H1N1,2009,566,Hong Kong,Influenza A virus (A/Hong Kong/01/2009(H1N1)),HA
ACR40285,Human,H1N1,2009,560,Norway,Influenza A virus (A/Norway/1168/2009(H1N1)),HA
ALX27779,Human,H1N1,2011,559,Cambodia,Influenza A virus (A/Cambodia/V0914343/2011(H1N1)),HA
BAM37641,Human,H1N1,2009,566,Japan,Influenza A virus (A/Tottori/ST238/2009(H1N1)),HA
AOR17548,Human,H1N1,2012,549,India,Influenza A virus (A/India/Kerala132655/2012(H1N1)),HA
AGI55447,Human,H1N1,2009,565,USA,Influenza A virus (A/Texas/57/2009(H1N1)),HA
AHH25231,Human,H1N1,2012,566,Burkina Faso,Influenza A virus (A/Burkina Faso/595/2012(H1N1)),HA
BAM37886,Human,H1N1,2011,566,Japan,Influenza A virus (A/Tottori/TT157/2011(H1N1)),HA
AFP35400,Human,H1N1,2010,566,Singapore,Influenza A virus (A/Singapore/GP2432/2010(H1N1)),HA
AGU92667,Human,H1N1,2012,566,USA,Influenza A virus (A/Georgia/M5081/2012(H1N1)),HA
ADN24146,Human,H1N1,2009,557,Canada,Influenza A virus (A/Canada-ON/RV2962/2009(H1N1)),HA
ADX96347,Human,H1N1,2009,566,Colombia,Influenza A virus (A/Bogota/WRAIR0442T/2009(H1N1)),HA
ADB03612,Human,H1N1,2009,566,Turkey,Influenza A virus (A/Ankara/11/2009(H1N1)),HA
AEX25798,Human,H1N1,2009,566,Brazil,Influenza A virus (A/Pernambuco/175/2009(H1N1)),HA
BAM37847,Human,H1N1,2011,566,Japan,Influenza A virus (A/Tottori/TT005/2011(H1N1)),HA
ACU44375,Human,H1N1,2009,565,USA,Influenza A virus (A/Illinois/06/2009(H1N1)),HA
AEK85419,Human,H1N1,2009,566,Taiwan,Influenza A virus (A/Taiwan/97382/2009(H1N1)),HA
ADM31508,Human,H1N1,2009,566,Denmark,Influenza A virus (A/Odense/INS307/2009(H1N1)),HA
AJE62480,Human,H1N1,2010,566,India,Influenza A virus (A/Delhi/039/2010(H1N1)),HA
AGB13570,Human,H1N1,2011,566,Denmark,Influenza A virus (A/Aarhus/INS610/2011(H1N1)),HA
AEM63404,Human,H1N1,2010,566,India,Influenza A virus (A/India/NIV29386/2010(H1N1)),HA
ACZ17030,Human,H1N1,2009,566,USA,Influenza A virus (A/New York/4567/2009(H1N1)),HA
AGO02398,Human,H1N1,2012,566,Brazil,Influenza A virus (A/Para/117896/2012(H1N1)),HA
ADX98640,Human,H1N1,2009,566,USA,Influenza A virus (A/San Diego/INS13/2009(H1N1)),HA
AGI53916,Human,H1N1,2009,566,USA,Influenza A virus (A/Nevada/17/2009(H1N1)),HA
AEF28953,Human,H1N1,2010,566,China,Influenza A virus (A/Guangdong/8450/2010(H1N1)),HA
AGK72415,Human,H1N1,2011,566,USA,Influenza A virus (A/Oklahoma/01/2011(H1N1)),HA
AGI55257,Human,H1N1,2010,566,USA,Influenza A virus (A/Minnesota/04/2010(H1N1)),HA
AGI53175,Human,H1N1,2010,566,USA,Influenza A virus (A/Virginia/01/2010(H1N1)),HA
ADW95319,Human,H1N1,2010,566,China,Influenza A virus (A/Beijing/3872/2010(H1N1)),HA
AGE83533,Human,H1N1,2010,566,China,Influenza A virus (A/Guangzhou/GIRD74/2010(H1N1)),HA
ADM26283,Human,H1N1,2010,566,Egypt,Influenza A virus (A/Egypt/N00278/2010(H1N1)),HA
AHB59383,Human,H1N1,2010,566,Thailand,Influenza A virus (A/Thailand/SirirajICRC_SEA-002(34)/2010(H1N1)),HA
AGR50295,Human,H1N1,2009,566,Mexico,Influenza A virus (A/Mexico/24055/2009(H1N1)),HA
AGK72618,Human,H1N1,2011,566,USA,Influenza A virus (A/District Of Columbia/01/2011(H1N1)),HA
AGU93042,Human,H1N1,2012,566,USA,Influenza A virus (A/Georgia/F32551/2012(H1N1)),HA
ADO79924,Human,H1N1,2010,566,Iran,Influenza A virus (A/Shiraz/2/2010(H1N1)),HA
ADC45626,Human,H1N1,2008,565,Japan,Influenza A virus (A/Niigata/07F191/2008(H1N1)),HA
AEW25678,Human,H1N1,2009,566,China,Influenza A virus (A/Zhejiang/96/2009(H1N1)),HA
AGV74334,Human,H1N1,2012,566,Canada,Influenza A virus (A/Ontario/019/2012(H1N1)),HA
ADG57087,Human,H1N1,2009,566,India,Influenza A virus (A/Delhi/NIV57/2009(H1N1)),HA
BAI44858,Human,H1N1,2008,565,Thailand,Influenza A virus (A/Thailand/669/2008(H1N1)),HA
AKQ11293,Human,H1N1,2009,566,Singapore,Influenza A virus (A/Singapore/DMS24/2009(H1N1)),HA
ADQ28035,Human,H1N1,2009,566,Brazil,Influenza A virus (A/Goias/69866/2009(H1N1)),HA
AEM63476,Human,H1N1,2009,566,India,Influenza A virus (A/Kol/NIV105777/2009(H1N1)),HA
BAJ39979,Human,H1N1,2009,566,Japan,Influenza A virus (A/Sendai/TU420/2009(H1N1)),HA
BAJ39976,Human,H1N1,2009,566,Japan,Influenza A virus (A/Sendai/TU416/2009(H1N1)),HA
AGL04405,Human,H1N1,2011,566,USA,Influenza A virus (A/Florida/27/2011(H1N1)),HA
ADB03630,Human,H1N1,2009,566,Turkey,Influenza A virus (A/Ankara/29/2009(H1N1)),HA
AEG77080,Human,H1N1,2011,540,Italy,Influenza A virus (A/Pavia/86/2011(H1N1)),HA
ADF27795,Human,H1N1,2009,566,USA,Influenza A virus (A/Texas/JMS390/2009(H1N1)),HA
ADO12583,Human,H1N1,2009,566,Chile,Influenza A virus (A/Chile/4181/2009(H1N1)),HA
AGS41727,Human,H1N1,2011,566,China,Influenza A virus (A/Qingdao/F158/2011(H1N1)),HA
AEO01153,Human,H1N1,2009,566,United Kingdom,Influenza A virus (A/England/688/2009(H1N1)),HA
AFB70267,Human,H1N1,2009,566,Argentina,Influenza A virus (A/Argentina/8989/2009(H1N1)),HA
AID70456,Human,H1N1,2011,566,Viet Nam,Influenza A virus (A/Ho Chi Minh/1163.3/2011(H1N1)),HA
ADG23230,Human,H1N1,2008,565,Iran,Influenza A virus (A/Khorasan/527/2008(H1N1)),HA
AGI55388,Human,H1N1,2009,566,USA,Influenza A virus (A/Arkansas/10/2009(H1N1)),HA
ADC33197,Human,H1N1,2009,549,Italy,Influenza A virus (A/Roma/ISS3654/2009(H1N1)),HA
ADK65009,Human,H1N1,2009,566,China,Influenza A virus (A/Guangdong/0862/2009(H1N1)),HA
AFP35787,Human,H1N1,2010,566,Singapore,Influenza A virus (A/Singapore/GP3828/2010(H1N1)),HA
AGK73433,Human,H1N1,2011,566,USA,Influenza A virus (A/Indiana/07/2011(H1N1)),HA
AGL04882,Human,H1N1,2012,566,USA,Influenza A virus (A/Vermont/02/2012(H1N1)),HA
ACR15370,Human,H1N1,2008,565,Nicaragua,Influenza A virus (A/Managua/1038.01/2008(H1N1)),HA
ADD22852,Human,H1N1,2009,566,Australia,Influenza A virus (A/Australia/61/2009(H1N1)),HA
ADJ18171,Human,H1N1,2009,566,Iran,Influenza A virus (A/Iran/15583/2009(H1N1)),HA
AGI53943,Human,H1N1,2010,566,USA,Influenza A virus (A/Wyoming/02/2010(H1N1)),HA
AFE02956,Human,H1N1,2011,566,Taiwan,Influenza A virus (A/Taiwan/2116/2011(H1N1)),HA
BAM37810,Human,H1N1,2011,566,Japan,Influenza A virus (A/Tottori/ST542/2011(H1N1)),HA
AGI53952,Human,H1N1,2010,566,USA,Influenza A virus (A/Tennessee/02/2010(H1N1)),HA
AHM98723,Human,H1N1,2012,566,USA,Influenza A virus (A/Minneapolis/INS3_675/2012(H1N1)),HA
AEF28912,Human,H1N1,2011,566,China,Influenza A virus (A/Guangdong/sz2/2011(H1N1)),HA
ADQ28030,Human,H1N1,2009,566,Brazil,Influenza A virus (A/Sao Paulo/68417/2009(H1N1)),HA
AFP83295,Human,H1N1,2009,566,China,Influenza A virus (A/Liaoning/1/2009(H1N1)),HA
ADG42603,Human,H1N1,2009,566,Belgium,Influenza A virus (A/Tessenderlo/INS191/2009(H1N1)),HA
ADM95829,Human,H1N1,2009,566,Finland,Influenza A virus (A/Finland/666/2009(H1N1)),HA
AGI52757,Human,H1N1,2010,566,USA,Influenza A virus (A/Nevada/02/2010(H1N1)),HA
ADX96917,Human,H1N1,2009,566,Hungary,Influenza A virus (A/Budapest/WRAIR2393N/2009(H1N1)),HA
BAI52795,Human,H1N1,2009,566,Japan,Influenza A virus (A/Nagasaki/HA-53/2009(H1N1)),HA
AGI52518,Human,H1N1,2009,566,USA,Influenza A virus (A/Utah/42/2009(H1N1)),HA
AEM24885,Human,H1N1,2011,566,China,Influenza A virus (A/Suzhou/S23/2011(H1N1)),HA
AEO01092,Human,H1N1,2009,566,United Kingdom,Influenza A virus (A/England/92820956/2009(H1N1)),HA
ADI72921,Human,H1N1,2009,566,China,Influenza A virus (A/Xuchang/SWL49/2009(H1N1)),HA
AGS41737,Human,H1N1,2009,566,China,Influenza A virus (A/Qingdao/FF86/2009(H1N1)),HA
AFZ77409,Human,H1N1,2010,566,Sri Lanka,Influenza A virus (A/Sri Lanka/32/2010(H1N1)),HA
ADM23849,Human,H1N1,2010,566,Brazil,Influenza A virus (A/Alagoas/96/2010(H1N1)),HA
ADF87381,Human,H1N1,2009,566,USA,Influenza A virus (A/California/VRDL86/2009(H1N1)),HA
BAH95823,Human,H1N1,2009,566,Japan,Influenza A virus (A/Saitama/55/2009(H1N1)),HA
ADM14664,Human,H1N1,2009,566,Jordan,Influenza A virus (A/Amman/WR1324N/2009(H1N1)),HA
BAJ39953,Human,H1N1,2009,566,Japan,Influenza A virus (A/Sendai/TU380/2009(H1N1)),HA
ACF10336,Human,H1N1,2008,565,USA,Influenza A virus (A/Hawaii/02/2008(H1N1)),HA
ADZ53106,Human,H1N1,2008,549,Hong Kong,Influenza A virus (A/Hong Kong/65446/2008(H1N1)),HA
BAM37774,Human,H1N1,2010,566,Japan,Influenza A virus (A/Tottori/ST494/2010(H1N1)),HA
AEA73573,Human,H1N1,2009,565,USA,Influenza A virus (A/Boston/6/2009(H1N1)),HA
ARG44463,Human,H1N1,2010,566,Mexico,Influenza A virus (A/Mexico/INCMNSZ/RF103/2010(H1N1)),HA
AGI55236,Human,H1N1,2009,566,USA,Influenza A virus (A/South Carolina/30/2009(H1N1)),HA
AGI52603,Human,H1N1,2009,566,USA,Influenza A virus (A/Utah/47/2009(H1N1)),HA
AEV40071,Human,H1N1,2009,566,China,Influenza A virus (A/Shenzhen/1138/2009(H1N1)),HA
AFU09855,Human,H1N1,2009,566,United Kingdom,Influenza A virus (A/England/506/2009(H1N1)),HA
ADL39467,Human,H1N1,2009,565,USA,Influenza A virus (A/Arkansas/WRAIR1249P/2009(H1N1)),HA
AEO01133,Human,H1N1,2009,566,United Kingdom,Influenza A virus (A/England/92920061/2009(H1N1)),HA
AOR17502,Human,H1N1,2012,566,India,Influenza A virus (A/India/P122300/2012(H1N1)),HA
ADM23850,Human,H1N1,2010,560,Brazil,Influenza A virus (A/Alagoas/97/2010(H1N1)),HA
ADL29879,Human,H1N1,2009,566,Guam,Influenza A virus (A/Guam/NHRC0014/2009(H1N1)),HA
ACR40630,Human,H1N1,2009,562,New Zealand,Influenza A virus (A/Auckland/1/2009(H1N1)),HA
ADD23415,Human,H1N1,2009,566,USA,Influenza A virus (A/Pensacola/INS38/2009(H1N1)),HA
AGB13600,Human,H1N1,2011,566,Denmark,Influenza A virus (A/Aarhus/INS615/2011(H1N1)),HA
ADD98018,Human,H1N1,2009,566,USA,Influenza A virus (A/Wisconsin/629-D00134/2009(H1N1)),HA
AEB89908,Human,H1N1,2011,542,Italy,Influenza A virus (A/Milan/15/2011(H1N1)),HA
AGB13330,Human,H1N1,2011,566,Greece,Influenza A virus (A/Athens/INS564/2011(H1N1)),HA
AIJ10894,Human,H1N1,2009,566,India,Influenza A virus (A/Mumbai/4467/2009(H1N1)),HA
AGK73024,Human,H1N1,2010,566,USA,Influenza A virus (A/California/21/2010(H1N1)),HA
ACY46722,Human,H1N1,2009,566,Singapore,Influenza A virus (A/Singapore/ON1138/2009(H1N1)),HA
AGL04617,Human,H1N1,2012,566,USA,Influenza A virus (A/Idaho/14/2012(H1N1)),HA
AEO01388,Human,H1N1,2009,566,United Kingdom,Influenza A virus (A/England/796/2009(H1N1)),HA
ADP92465,Human,H1N1,2009,566,China,Influenza A virus (A/Beijing/7/2009(H1N1)),HA
AII30377,Human,H1N1,2012,566,Oman,Influenza A virus (A/Oman/SQUH-59/2012(H1N1)),HA
AEK85444,Human,H1N1,2010,566,Taiwan,Influenza A virus (A/Taiwan/2904/2010(H1N1)),HA
AEX34911,Human,H1N1,2008,565,Viet Nam,Influenza A virus (A/Hue/H274/2008(H1N1)),HA
AKQ11436,Human,H1N1,2010,566,Singapore,Influenza A virus (A/Singapore/DMS158/2010(H1N1)),HA
AGK72858,Human,H1N1,2011,566,USA,Influenza A virus (A/New Mexico/05/2011(H1N1)),HA
ACZ45030,Human,H1N1,2009,566,Norway,Influenza A virus (A/Norway/3440/2009(H1N1)),HA
AIJ10868,Human,H1N1,2009,566,India,Influenza A virus (A/Mumbai/3166/2009(H1N1)),HA
BAM37773,Human,H1N1,2010,566,Japan,Influenza A virus (A/Tottori/ST490/2010(H1N1)),HA
AFU09530,Human,H1N1,2010,566,United Kingdom,Influenza A virus (A/England/03380426/2010(H1N1)),HA
AGL04718,Human,H1N1,2011,566,USA,Influenza A virus (A/Pennsylvania/16/2011(H1N1)),HA
AGI53998,Human,H1N1,2010,566,USA,Influenza A virus (A/Alabama/06/2010(H1N1)),HA
AEK85451,Human,H1N1,2010,566,Taiwan,Influenza A virus (A/Taiwan/3130/2010(H1N1)),HA
AGB13500,Human,H1N1,2010,566,Australia,Influenza A virus (A/Cairns North/INS597/2010(H1N1)),HA
AKQ12448,Human,H1N1,2010,566,Singapore,Influenza A virus (A/Singapore/DMS1150/2010(H1N1)),HA
AFK14788,Human,H1N1,2009,566,United Kingdom,Influenza A virus (A/Scotland/Glasgow_444125/2009(H1N1)),HA
ADJ37832,Human,H1N1,2009,566,United Kingdom,Influenza A virus (A/England/876/2009(H1N1)),HA
AEO01126,Human,H1N1,2009,566,United Kingdom,Influenza A virus (A/England/92900391/2009(H1N1)),HA
AFX68900,Human,H1N1,2011,566,Cambodia,Influenza A virus (A/Cambodia/V0721310/2011(H1N1)),HA
AJE62497,Human,H1N1,2011,566,India,Influenza A virus (A/Delhi/056/2011(H1N1)),HA
ACD85751,Human,H1N1,2008,565,USA,Influenza A virus (A/Florida/08/2008(H1N1)),HA
ADM95827,Human,H1N1,2009,566,Finland,Influenza A virus (A/Finland/664/2009(H1N1)),HA
AHM98920,Human,H1N1,2009,566,Netherlands,Influenza A virus (A/Netherlands/602-7B2LP2/2009(H1N1)),HA
AEG79807,Human,H1N1,2011,566,Russia,Influenza A virus (A/Saint-Petersburg/RII45/2011(H1N1)),HA
AGO17798,Human,H1N1,2012,549,USA,Influenza A virus (A/California/NHRC352423/2012(H1N1)),HA
AEZ01084,Human,H1N1,2009,566,China,Influenza A virus (A/Hangzhou/1756/2009(H1N1)),HA
AFE18691,Human,H1N1,2010,565,Taiwan,Influenza A virus (A/Taiwan/NTU340/2010(H1N1)),HA
AKM14713,Human,H1N1,2009,566,India,Influenza A virus (A/Bangalore/11210-01/2009(H1N1)),HA
AEO01279,Human,H1N1,2009,566,United Kingdom,Influenza A virus (A/England/94020500/2009(H1N1)),HA
ACU44036,Human,H1N1,2009,565,USA,Influenza A virus (A/North Carolina/04/2009(H1N1)),HA
AEX34955,Human,H1N1,2008,565,Viet Nam,Influenza A virus (A/Hue/H400/2008(H1N1)),HA
ADG08115,Human,H1N1,2009,566,Russia,Influenza A virus (A/Yaroslavl/IIV-196/2009(H1N1)),HA
AEO01278,Human,H1N1,2009,566,United Kingdom,Influenza A virus (A/England/714/2009(H1N1)),HA
ACZ17180,Human,H1N1,2009,566,USA,Influenza A virus (A/New York/4790/2009(H1N1)),HA
AII31198,Human,H1N1,2012,566,India,Influenza A virus (A/Kerala/RGCBF311/2012(H1N1)),HA
ADN89468,Human,H1N1,2009,565,USA,Influenza A virus (A/California/VRDL264/2009(H1N1)),HA
ADI48214,Human,H1N1,2009,566,China,Influenza A virus (A/Guangdong/1271/2009(H1N1)),HA
ACQ99682,Human,H1N1,2009,566,Thailand,Influenza A virus (A/Nonthaburi/102/2009(H1N1)),HA
ACU44391,Human,H1N1,2009,565,USA,Influenza A virus (A/Pennsylvania/12/2009(H1N1)),HA
AEL89601,Human,H1N1,2010,566,Thailand,Influenza A virus (A/Bangkok/INS478/2010(H1N1)),HA
AGK72453,Human,H1N1,2011,566,USA,Influenza A virus (A/Connecticut/01/2011(H1N1)),HA
ADG57094,Human,H1N1,2009,566,India,Influenza A virus (A/Jalna/NIV9436/2009(H1N1)),HA
AGI52607,Human,H1N1,2010,566,USA,Influenza A virus (A/Arizona/04/2010(H1N1)),HA
ADF27709,Human,H1N1,2009,566,USA,Influenza A virus (A/Texas/JMS388/2009(H1N1)),HA
AJE62507,Human,H1N1,2012,566,India,Influenza A virus (A/Delhi/066/2012(H1N1)),HA
ACD85774,Human,H1N1,2008,565,USA,Influenza A virus (A/Nebraska/01/2008(H1N1)),HA
AEB89909,Human,H1N1,2011,542,Italy,Influenza A virus (A/Milan/18/2011(H1N1)),HA
AKM14734,Human,H1N1,2011,566,India,Influenza A virus (A/Bangalore/1808-53/2011(H1N1)),HA
AGR50251,Human,H1N1,2009,566,Mexico,Influenza A virus (A/Mexico/24051/2009(H1N1)),HA
AHL90746,Human,H1N1,2009,565,USA,Influenza A virus (A/New York/1160/2009(H1N1)),HA
AGK73176,Human,H1N1,2010,566,USA,Influenza A virus (A/California/31/2010(H1N1)),HA
ADI49727,Human,H1N1,2009,566,Mexico,Influenza A virus (A/Mexico City/020/2009(H1N1)),HA
AEO01610,Human,H1N1,2009,566,United Kingdom,Influenza A virus (A/England/937/2009(H1N1)),HA
ACT36649,Human,H1N1,2009,566,USA,Influenza A virus (A/Alaska/04/2009(H1N1)),HA
ADJ37788,Human,H1N1,2009,566,United Kingdom,Influenza A virus (A/England/337/2009(H1N1)),HA
ADA71176,Human,H1N1,2009,565,Russia,Influenza A virus (A/Novosibirsk/8/2009(H1N1)),HA
AOR17495,Human,H1N1,2012,566,India,Influenza A virus (A/India/P122703/2012(H1N1)),HA
AGI53854,Human,H1N1,2009,566,USA,Influenza A virus (A/Minnesota/18/2009(H1N1)),HA
ADK21953,Human,H1N1,2009,566,Spain,Influenza A virus (A/Madrid/INS295/2009(H1N1)),HA
AFN19993,Human,H1N1,2011,566,Singapore,Influenza A virus (A/Singapore/KK166/2011(H1N1)),HA
ADB89591,Human,H1N1,2009,566,USA,Influenza A virus (A/California/VRDL55/2009(H1N1)),HA
AFE02954,Human,H1N1,2011,566,Taiwan,Influenza A virus (A/Taiwan/1758/2011(H1N1)),HA
ACD47247,Human,H1N1,2008,565,USA,Influenza A virus (A/Idaho/02/2008(H1N1)),HA
ACZ05590,Human,H1N1,2009,565,USA,Influenza A virus (A/New York/3315/2009(H1N1)),HA
AJK02429,Human,H1N1,2008,565,Ukraine,Influenza A virus (A/Kiev/49/2008(H1N1)),HA
ADA83043,Human,H1N1,2009,566,Russia,Influenza A virus (A/Novgorod/01/2009(H1N1)),HA
ADO25212,Human,H1N1,2009,566,USA,Influenza A virus (A/Boston/666/2009(H1N1)),HA
ADG42203,Human,H1N1,2009,566,Greece,Influenza A virus (A/Athens/INS126/2009(H1N1)),HA
ADB89331,Human,H1N1,2009,566,USA,Influenza A virus (A/California/VRDL21/2009(H1N1)),HA
AGB13640,Human,H1N1,2011,566,Poland,Influenza A virus (A/Warsaw/INS620/2011(H1N1)),HA
BAJ40040,Human,H1N1,2009,566,Japan,Influenza A virus (A/Sendai/TU565/2009(H1N1)),HA
AGQ88621,Human,H1N1,2012,566,India,Influenza A virus (A/India/P121716/2012(H1N1)),HA
ACQ76383,Human,H1N1,2009,566,USA,Influenza A virus (A/Indiana/09/2009(H1N1)),HA
AHZ40166,Human,H1N1,2012,566,USA,Influenza A virus (A/Houston/JMM_93/2012(H1N1)),HA
ADM52453,Human,H1N1,2009,566,Greece,Influenza A virus (A/Athens/INS271/2009(H1N1)),HA
ADK33681,Human,H1N1,2009,566,Denmark,Influenza A virus (A/Aarhus/INS237/2009(H1N1)),HA
ADG42683,Human,H1N1,2009,566,USA,Influenza A virus (A/California/VRDL93/2009(H1N1)),HA
ACZ98546,Human,H1N1,2009,566,China,Influenza A virus (A/Beijing/718/2009(H1N1)),HA
ALX27790,Human,H1N1,2011,566,Cambodia,Influenza A virus (A/Cambodia/V0908348/2011(H1N1)),HA
ACZ17428,Human,H1N1,2009,566,USA,Influenza A virus (A/Texas/42123701/2009(H1N1)),HA
AEW25662,Human,H1N1,2009,566,China,Influenza A virus (A/Zhejiang/94/2009(H1N1)),HA
AEI87582,Human,H1N1,2011,566,Russia,Influenza A virus (A/Moscow/IIV-83/2011(H1N1)),HA
AFN87927,Human,H1N1,2009,566,China,Influenza A virus (A/Guangdong/1102/2009(H1N1)),HA
ACU29999,Human,H1N1,2009,567,Taiwan,Influenza A virus (A/Taiwan/T1339/2009(H1N1)),HA
AHM98460,Human,H1N1,2012,566,Thailand,Influenza A virus (A/Khon Kaen/INS3_649/2012(H1N1)),HA
AJK01507,Human,H1N1,2008,565,Australia,Influenza A virus (A/Darwin/2/2008(H1N1)),HA
AKQ10853,Human,H1N1,2009,566,Singapore,Influenza A virus (A/Singapore/DMS63/2009(H1N1)),HA
AGI53529,Human,H1N1,2009,566,USA,Influenza A virus (A/Iowa/09/2009(H1N1)),HA
ADN92785,Human,H1N1,2008,565,Taiwan,Influenza A virus (A/Taiwan/5858/2008(H1N1)),HA
AFK14731,Human,H1N1,2009,566,United Kingdom,Influenza A virus (A/Scotland/Glasgow_419865/2009(H1N1)),HA
AKQ10842,Human,H1N1,2009,566,Singapore,Influenza A virus (A/Singapore/DMS638/2009(H1N1)),HA
ADM95849,Human,H1N1,2009,566,Finland,Influenza A virus (A/Finland/690/2009(H1N1)),HA
BAM37644,Human,H1N1,2009,566,Japan,Influenza A virus (A/Tottori/ST241/2009(H1N1)),HA
AJJ99877,Human,H1N1,2009,566,Thailand,Influenza A virus (A/Thailand/PY08063/2009(H1N1)),HA
ACZ61119,Human,H1N1,2009,566,Brazil,Influenza A virus (A/Rio de Janeiro/2459/2009(H1N1)),HA
ADD22822,Human,H1N1,2009,566,Australia,Influenza A virus (A/Australia/58/2009(H1N1)),HA
ADG42343,Human,H1N1,2009,566,Greece,Influenza A virus (A/Athens/INS156/2009(H1N1)),HA
ADG59663,Human,H1N1,2009,566,Russia,Influenza A virus (A/St.Petersburg/CRIE-VMN/2009(H1N1)),HA
ADK90197,Human,H1N1,2009,566,China,Influenza A virus (A/Qingdao/322/2009(H1N1)),HA
AET84372,Human,H1N1,2009,565,Peru,Influenza A virus (A/Pucallpa/WRAIR1704P/2009(H1N1)),HA
AEZ01109,Human,H1N1,2011,566,China,Influenza A virus (A/Hangzhou/B47/2011(H1N1)),HA
ACY79633,Human,H1N1,2009,566,China,Influenza A virus (A/Qingdao/231/2009(H1N1)),HA
AGQ88599,Human,H1N1,2012,566,India,Influenza A virus (A/India/P121773/2012(H1N1)),HA
ACU31262,Human,H1N1,2008,565,USA,Influenza A virus (A/Hawaii/41/2008(H1N1)),HA
AGK73501,Human,H1N1,2011,566,USA,Influenza A virus (A/Delaware/06/2011(H1N1)),HA
AEA73694,Human,H1N1,2009,565,USA,Influenza A virus (A/Boston/70/2009(H1N1)),HA
AHM98581,Human,H1N1,2011,566,Australia,Influenza A virus (A/Westmead/INS3_661/2011(H1N1)),HA
ADA71168,Human,H1N1,2009,565,Russia,Influenza A virus (A/Novosibirsk/653/2009(H1N1)),HA
AHZ35935,Human,H1N1,2011,566,Nicaragua,Influenza A virus (A/Nicaragua/AGA2-39/2011(H1N1)),HA
CRI06464,Human,H1N1,2010,566,United Kingdom,Influenza A virus (A/England/10/2010(H1N1)),HA
AIT16890,Human,H1N1,2010,566,Finland,Influenza A virus (A/Finland/726/2010(H1N1)),HA
AFN20127,Human,H1N1,2011,553,Singapore,Influenza A virus (A/Singapore/TT72/2011(H1N1)),HA
ADD22521,Human,H1N1,2009,566,Australia,Influenza A virus (A/Australia/15/2009(H1N1)),HA
AFE11267,Human,H1N1,2010,560,China,Influenza A virus (A/Tianjinnankai/SWL413/2010(H1N1)),HA
ADF10288,Human,H1N1,2009,566,Canada,Influenza A virus (A/Ontario/314095/2009(H1N1)),HA
AGB08295,Human,H1N1,2012,566,Brazil,Influenza A virus (A/Sao Paulo/6-9441/2012(H1N1)),HA
ADX96318,Human,H1N1,2009,566,Colombia,Influenza A virus (A/Bogota/WRAIR0435N/2009(H1N1)),HA
ACX31934,Human,H1N1,2009,566,Japan,Influenza A virus (A/Hiroshima/201/2009(H1N1)),HA
ACR67179,Human,H1N1,2009,566,USA,Influenza A virus (A/Kentucky/05/2009(H1N1)),HA
AEK85410,Human,H1N1,2009,566,Taiwan,Influenza A virus (A/Taiwan/99867/2009(H1N1)),HA
AGI52687,Human,H1N1,2009,566,USA,Influenza A virus (A/Florida/31/2009(H1N1)),HA
ACI25630,Human,H1N1,2008,565,Denmark,Influenza A virus (A/Denmark/122/2008(H1N1)),HA
ADO29903,Human,H1N1,2009,566,China,Influenza A virus (A/Qingdao/1776/2009(H1N1)),HA
AEV40102,Human,H1N1,2009,566,China,Influenza A virus (A/Shenzhen/1646/2009(H1N1)),HA
AGI55305,Human,H1N1,2009,566,USA,Influenza A virus (A/Hawaii/29/2009(H1N1)),HA
AGJ73335,Human,H1N1,2011,566,Iran,Influenza A virus (A/Alborz/99/2011(H1N1)),HA
BAM34389,Human,H1N1,2009,566,Japan,Influenza A virus (A/Yamaguchi/247/2009(H1N1)),HA
AET84262,Human,H1N1,2009,565,USA,Influenza A virus (A/Alabama/WRAIR1235P/2009(H1N1)),HA
AJK02803,Human,H1N1,2008,565,Sweden,Influenza A virus (A/Stockholm/22/2008(H1N1)),HA
AOG29972,Human,H1N1,2010,549,Thailand,Influenza A virus (A/Thailand/3426-5T/2010(H1N1)),HA
ADK33881,Human,H1N1,2009,566,Greece,Influenza A virus (A/Athens/INS263/2009(H1N1)),HA
AEO01494,Human,H1N1,2009,566,United Kingdom,Influenza A virus (A/England/864/2009(H1N1)),HA
ADO12503,Human,H1N1,2009,566,Chile,Influenza A virus (A/Chile/3553/2009(H1N1)),HA
AEF28947,Human,H1N1,2011,566,China,Influenza A virus (A/Guangdong/067/2011(H1N1)),HA
AEZ01072,Human,H1N1,2009,566,China,Influenza A virus (A/Hangzhou/04/2009(H1N1)),HA
ADM23856,Human,H1N1,2010,566,Brazil,Influenza A virus (A/Rio de Janeiro/88/2010(H1N1)),HA
ACU44361,Human,H1N1,2009,565,USA,Influenza A virus (A/Arizona/10/2009(H1N1)),HA
ADM26269,Human,H1N1,2009,566,Egypt,Influenza A virus (A/Egypt/N14325/2009(H1N1)),HA
AEW25446,Human,H1N1,2009,566,China,Influenza A virus (A/Zhejiang/7/2009(H1N1)),HA
AIE52359,Human,H1N1,2009,566,Thailand,Influenza A virus (A/Bangkok/SIMI501/2009(H1N1)),HA
AKM14743,Human,H1N1,2012,566,India,Influenza A virus (A/Bangalore/2008-43/2012(H1N1)),HA
ADV69047,Human,H1N1,2010,544,Denmark,Influenza A virus (A/Denmark/114/2010(H1N1)),HA
AGI53890,Human,H1N1,2009,566,USA,Influenza A virus (A/New Hampshire/27/2009(H1N1)),HA
ACS91400,Human,H1N1,2009,566,France,Influenza A virus (A/Strasbourg/2611/2009(H1N1)),HA
AGI53691,Human,H1N1,2009,566,USA,Influenza A virus (A/Alaska/40/2009(H1N1)),HA
ADK90202,Human,H1N1,2009,566,China,Influenza A virus (A/Qingdao/383/2009(H1N1)),HA
AFN87959,Human,H1N1,2011,566,China,Influenza A virus (A/Guangdong/67/2011(H1N1)),HA
ADD96956,Human,H1N1,2009,566,USA,Influenza A virus (A/Wisconsin/629-D02485/2009(H1N1)),HA
AEZ01071,Human,H1N1,2009,566,China,Influenza A virus (A/Hangzhou/3/2009(H1N1)),HA
AGI53764,Human,H1N1,2009,566,USA,Influenza A virus (A/Arizona/20/2009(H1N1)),HA
AGI54360,Human,H1N1,2009,566,USA,Influenza A virus (A/Texas/56/2009(H1N1)),HA
AEM63469,Human,H1N1,2009,566,India,Influenza A virus (A/Delhi/NIV0951830/2009(H1N1)),HA
BAM37755,Human,H1N1,2009,566,Japan,Influenza A virus (A/Tottori/ST438/2009(H1N1)),HA
ADJ80774,Human,H1N1,2009,566,USA,Influenza A virus (A/California/VRDL115/2009(H1N1)),HA
AHY84477,Human,H1N1,2009,566,Uganda,Influenza A virus (A/Uganda/MUWRP-137/2009(H1N1)),HA
ACZ97503,Human,H1N1,2009,566,India,Influenza A virus (A/Delhi/NIV3610/2009(H1N1)),HA
AGI52989,Human,H1N1,2009,566,USA,Influenza A virus (A/Virginia/27/2009(H1N1)),HA
ANN44943,Human,H1N1,2011,566,Kenya,Influenza A virus (A/Kenya/29/2011(H1N1)),HA
AFN19746,Human,H1N1,2011,566,Singapore,Influenza A virus (A/Singapore/GP394/2011(H1N1)),HA
AIW63597,Human,H1N1,2011,566,China,Influenza A virus (A/FuZhou/SWL177/2011(H1N1)),HA
AID70449,Human,H1N1,2011,566,Viet Nam,Influenza A virus (A/Ho Chi Minh/1095.2/2011(H1N1)),HA
AEK85460,Human,H1N1,2010,566,Taiwan,Influenza A virus (A/Taiwan/66169/2010(H1N1)),HA
ADG21161,Human,H1N1,2009,566,Bahrain,Influenza A virus (A/Bahrain/N11659/2009(H1N1)),HA
AHB59380,Human,H1N1,2009,566,Thailand,Influenza A virus (A/Thailand/SirirajICRC_CBI_7/2009(H1N1)),HA
ADO29910,Human,H1N1,2010,566,China,Influenza A virus (A/Qingdao/94/2010(H1N1)),HA
AEO01455,Human,H1N1,2009,566,United Kingdom,Influenza A virus (A/England/94720050/2009(H1N1)),HA
ACZ17270,Human,H1N1,2009,566,USA,Influenza A virus (A/New York/4866/2009(H1N1)),HA
AHL80718,Human,H1N1,2010,566,USA,Influenza A virus (A/Tennessee/F1042A/2010(H1N1)),HA
ADI72926,Human,H1N1,2009,566,China,Influenza A virus (A/Zhongyuan/SWL1643/2009(H1N1)),HA
AIW63601,Human,H1N1,2011,566,China,Influenza A virus (A/NanPing/SWL1132/2011(H1N1)),HA
AGI54643,Human,H1N1,2009,566,USA,Influenza A virus (A/Georgia/23/2009(H1N1)),HA
AOR17520,Human,H1N1,2012,549,India,Influenza A virus (A/India/Srinagar131672/2012(H1N1)),HA
AEZ01087,Human,H1N1,2010,566,China,Influenza A virus (A/Hangzhou/111/2010(H1N1)),HA
AKM14724,Human,H1N1,2010,566,India,Influenza A virus (A/Bangalore/5274-20/2010(H1N1)),HA
AFP35267,Human,H1N1,2010,566,Singapore,Influenza A virus (A/Singapore/GP1078/2010(H1N1)),HA
ADZ53088,Human,H1N1,2009,555,Hong Kong,Influenza A virus (A/Hong Kong/15273/2009(H1N1)),HA
AJJ99730,Human,H1N1,2011,566,Thailand,Influenza A virus (A/Thailand/SN10560/2011(H1N1)),HA
AEZ01086,Human,H1N1,2010,566,China,Influenza A virus (A/Hangzhou/110/2010(H1N1)),HA
AEI87739,Human,H1N1,2009,566,Canada,Influenza A virus (A/Montreal/MTL307782/2009(H1N1)),HA
ADW09131,Human,H1N1,2009,565,USA,Influenza A virus (A/Boston/100/2009(H1N1)),HA
AHL80839,Human,H1N1,2010,566,USA,Influenza A virus (A/Tennessee/F1074/2010(H1N1)),HA
AEL89681,Human,H1N1,2010,566,Thailand,Influenza A virus (A/Bangkok/INS491/2010(H1N1)),HA
BAI94584,Human,H1N1,2010,566,Japan,Influenza A virus (A/Nagasaki/HA-10-69/2010(H1N1)),HA
ACU44396,Human,H1N1,2009,565,USA,Influenza A virus (A/Ohio/03/2009(H1N1)),HA
ADU76765,Human,H1N1,2009,566,United Kingdom,Influenza A virus (A/England/94280035/2009(H1N1)),HA
AHH25246,Human,H1N1,2010,566,Senegal,Influenza A virus (A/Senegal/031/2010(H1N1)),HA
AIJ10896,Human,H1N1,2009,566,India,Influenza A virus (A/Mumbai/4066/2009(H1N1)),HA
ADH96604,Human,H1N1,2008,541,China,Influenza A virus (A/Guangdong/293/2008(H1N1)),HA
ADF42661,Human,H1N1,2010,566,Russia,Influenza A virus (A/Orenburg/IIV-13/2010(H1N1)),HA
ADW10798,Human,H1N1,2009,565,USA,Influenza A virus (A/Boston/76/2009(H1N1)),HA
ADF27965,Human,H1N1,2010,566,USA,Influenza A virus (A/Texas/JMS411/2010(H1N1)),HA
ACZ16033,Human,H1N1,2009,565,Thailand,Influenza A virus (A/Thailand/CU-H223/2009(H1N1)),HA
AIW63572,Human,H1N1,2009,566,China,Influenza A virus (A/FuZhou/SWL11724/2009(H1N1)),HA
AEX25797,Human,H1N1,2009,566,Brazil,Influenza A virus (A/Pernambuco/126/2009(H1N1)),HA
AIJ10891,Human,H1N1,2010,566,India,Influenza A virus (A/Mumbai/4916/2010(H1N1)),HA
AFI73326,Human,H1N1,2011,566,Venezuela,Influenza A virus (A/Maracay/IVE00080/2011(H1N1)),HA
AHL90181,Human,H1N1,2008,565,USA,Influenza A virus (A/New York/1110/2008(H1N1)),HA
AFN18105,Human,H1N1,2009,566,Singapore,Influenza A virus (A/Singapore/GP3292/2009(H1N1)),HA
AGI54493,Human,H1N1,2009,566,USA,Influenza A virus (A/Iowa/07/2009(H1N1)),HA
ADK64992,Human,H1N1,2009,566,China,Influenza A virus (A/Guangdong/06/2009(H1N1)),HA
ADN23951,Human,H1N1,2009,557,Canada,Influenza A virus (A/Canada-NB/RV0005-10/2009(H1N1)),HA
AGI54182,Human,H1N1,2009,566,USA,Influenza A virus (A/Tennessee/21/2009(H1N1)),HA
ADN24141,Human,H1N1,2009,557,Canada,Influenza A virus (A/Canada-BC/RV2947/2009(H1N1)),HA
AGK72683,Human,H1N1,2011,566,USA,Influenza A virus (A/Alaska/11/2011(H1N1)),HA
AOT88460,Human,H1N1,2016,566,USA,Influenza A virus (A/Iowa/19/2016(H1N1)),HA
AKE37469,Human,H1N1,2013,549,India,Influenza A virus (A/India/Pun135091/2013(H1N1)),HA
AHA38497,Human,H1N1,2013,566,Canada,Influenza A virus (A/British Columbia/038/2013(H1N1)),HA
AGV75088,Human,H1N1,2013,566,Finland,Influenza A virus (A/Helsinki/595/2013(H1N1)),HA
AHE37980,Human,H1N1,2013,566,USA,Influenza A virus (A/Colorado/3429/2013(H1N1)),HA
AIM39764,Human,H1N1,2014,566,USA,Influenza A virus (A/Kentucky/01/2014(H1N1)),HA
ANW83110,Human,H1N1,2016,560,USA,Influenza A virus (A/California/NHRC_BRD12141N/2016(H1N1)),HA
ANM89347,Human,H1N1,2016,566,USA,Influenza A virus (A/Montana/27/2016(H1N1)),HA
ANM91998,Human,H1N1,2016,566,USA,Influenza A virus (A/New York/31/2016(H1N1)),HA
AGV75077,Human,H1N1,2013,566,Finland,Influenza A virus (A/Helsinki/598/2013(H1N1)),HA
AIM55826,Human,H1N1,2014,561,USA,Influenza A virus (A/New York/WC-LVD-14-060/2014(H1N1)),HA
ANM88742,Human,H1N1,2016,566,USA,Influenza A virus (A/Nevada/16/2016(H1N1)),HA
AOT88372,Human,H1N1,2016,566,USA,Influenza A virus (A/Louisiana/20/2016(H1N1)),HA
ARG42713,Human,H1N1,2014,544,China,Influenza A virus (A/JiangxiDonghu/SWL1446/2014(H1N1)),HA
AOT93107,Human,H1N1,2016,566,USA,Influenza A virus (A/Georgia/43/2016(H1N1)),HA
APC58256,Human,H1N1,2016,566,USA,Influenza A virus (A/Georgia/09/2016(H1N1)),HA
APF46415,Human,H1N1,2016,566,USA,Influenza A virus (A/Illinois/5010/2016(H1N1)),HA
AKE37471,Human,H1N1,2013,549,India,Influenza A virus (A/India/Pun13602/2013(H1N1)),HA
AHD24996,Human,H1N1,2013,555,France,Influenza A virus (A/Corsica/F3490_04/2013(H1N1)),HA
APG56023,Human,H1N1,2016,566,USA,Influenza A virus (A/Arizona/5189/2016(H1N1)),HA
AQZ37686,Human,H1N1,2017,566,USA,Influenza A virus (A/Alaska/07/2017(H1N1)),HA
ANW83135,Human,H1N1,2016,564,USA,Influenza A virus (A/California/NHRC_SAR41396N/2016(H1N1)),HA
AHV83802,Human,H1N1,2013,566,USA,Influenza A virus (A/Colorado/3561/2013(H1N1)),HA
APF45827,Human,H1N1,2016,566,Japan,Influenza A virus (A/Japan/4916/2016(H1N1)),HA
AHK10720,Human,H1N1,2013,547,Canada,Influenza A virus (A/Alberta/45/2013(H1N1)),HA
AHK10721,Human,H1N1,2013,547,Canada,Influenza A virus (A/Alberta/46/2013(H1N1)),HA
AJY54066,Human,H1N1,2014,540,Canada,Influenza A virus (A/Alberta/20/2014(H1N1)),HA
AII30386,Human,H1N1,2013,566,Oman,Influenza A virus (A/Oman/SQUH-79/2013(H1N1)),HA
ANM94418,Human,H1N1,2016,566,USA,Influenza A virus (A/Pennsylvania/61/2016(H1N1)),HA
AIP92945,Human,H1N1,2013,566,Finland,Influenza A virus (A/Helsinki/1289/2013(H1N1)),HA
ARG42712,Human,H1N1,2013,544,China,Influenza A virus (A/JiangxiDonghu/SWL1386/2013(H1N1)),HA
AOT87217,Human,H1N1,2016,566,USA,Influenza A virus (A/Illinois/24/2016(H1N1)),HA
AKT08373,Human,H1N1,2014,566,USA,Influenza A virus (A/Missouri/03/2014(H1N1)),HA
AIW63613,Human,H1N1,2013,566,China,Influenza A virus (A/LongYan/SWL35/2013(H1N1)),HA
ALA50343,Human,H1N1,2015,566,India,Influenza A virus (A/Betul/6515/2015(H1N1)),HA
AIP93033,Human,H1N1,2013,566,Finland,Influenza A virus (A/Helsinki/1076/2013(H1N1)),HA
AGV28895,Human,H1N1,2013,566,USA,Influenza A virus (A/Connecticut/02/2013(H1N1)),HA
ARG42715,Human,H1N1,2013,544,China,Influenza A virus (A/JiangxiDonghu/SWL1463/2013(H1N1)),HA
AIW63641,Human,H1N1,2013,566,China,Influenza A virus (A/ZhangZhou/SWL1418/2013(H1N1)),HA
ARH16331,Human,H1N1,2017,566,USA,Influenza A virus (A/North Carolina/10/2017(H1N1)),HA
AKT08307,Human,H1N1,2013,566,USA,Influenza A virus (A/Arizona/11/2013(H1N1)),HA
AIW63667,Human,H1N1,2014,566,China,Influenza A virus (A/QuanZhou/SWL1183/2014(H1N1)),HA
ANM87512,Human,H1N1,2016,566,USA,Influenza A virus (A/Idaho/03/2016(H1N1)),HA
AIM39812,Human,H1N1,2014,566,USA,Influenza A virus (A/Montana/02/2014(H1N1)),HA
AIW63657,Human,H1N1,2013,566,China,Influenza A virus (A/FuZhou/SWL31/2013(H1N1)),HA
AIM55926,Human,H1N1,2013,569,USA,Influenza A virus (A/New York/WC-LVD-13-009/2013(H1N1)),HA
AJY54111,Human,H1N1,2014,566,Canada,Influenza A virus (A/Ontario/04/2014(H1N1)),HA
AOT87107,Human,H1N1,2016,566,USA,Influenza A virus (A/Massachusetts/27/2016(H1N1)),HA
APF45877,Human,H1N1,2016,566,USA,Influenza A virus (A/Arizona/4966/2016(H1N1)),HA
APO40371,Human,H1N1,2014,566,Iran,Influenza A virus (A/Khorasan-Shomali/85136/2014(H1N1)),HA
AIX95157,Human,H1N1,2014,566,Brazil,Influenza A virus (A/Maranhao/129445-IEC/2014(H1N1)),HA
ANE27371,Human,H1N1,2015,566,USA,Influenza A virus (A/Arizona/31/2015(H1N1)),HA
AKE37412,Human,H1N1,2013,549,India,Influenza A virus (A/India/Lkw132621/2013(H1N1)),HA
APQ31665,Human,H1N1,2015,566,Iran,Influenza A virus (A/Shiraz/15/2015(H1N1)),HA
AOT87844,Human,H1N1,2016,566,USA,Influenza A virus (A/Rhode Island/22/2016(H1N1)),HA
AOR17586,Human,H1N1,2015,549,India,Influenza A virus (A/India/Jaipur152569/2015(H1N1)),HA
ANE26936,Human,H1N1,2015,566,USA,Influenza A virus (A/Florida/88/2015(H1N1)),HA
ARG44468,Human,H1N1,2013,566,Mexico,Influenza A virus (A/Mexico/INCMNSZ/RFH460/2013(H1N1)),HA
ANH71211,Human,H1N1,2016,566,Czech Republic,Influenza A virus (A/Czech Republic/71a/2016(H1N1)),HA
AGV74857,Human,H1N1,2013,566,Finland,Influenza A virus (A/Helsinki/737/2013(H1N1)),HA
ANW83127,Human,H1N1,2015,565,USA,Influenza A virus (A/California/NHRC_FDX40565/2015(H1N1)),HA
AHW46705,Human,H1N1,2013,566,USA,Influenza A virus (A/California/NHRC417059/2013(H1N1)),HA
AIW63621,Human,H1N1,2013,566,China,Influenza A virus (A/NanPing/SWL1151/2013(H1N1)),HA
AIL94652,Human,H1N1,2013,566,Nicaragua,Influenza A virus (A/Nicaragua/5612_05/2013(H1N1)),HA
AIP92670,Human,H1N1,2014,566,Finland,Influenza A virus (A/Helsinki/447M/2014(H1N1)),HA
AID48045,Human,H1N1,2014,566,USA,Influenza A virus (A/New Jersey/NHRC431112/2014(H1N1)),HA
AQY63254,Human,H1N1,2015,566,Saudi Arabia,Influenza A virus (A/Saudi Arabia/23/2015(H1N1)),HA
AHD24986,Human,H1N1,2013,555,France,Influenza A virus (A/Corsica/F3522_16/2013(H1N1)),HA
APT38348,Human,H1N1,2016,566,USA,Influenza A virus (A/Florida/93/2016(H1N1)),HA
AIM40016,Human,H1N1,2014,566,USA,Influenza A virus (A/New York/09/2014(H1N1)),HA
AGO02705,Human,H1N1,2013,566,Brazil,Influenza A virus (A/Sao Paulo/28829/2013(H1N1)),HA
AGV74560,Human,H1N1,2013,566,Finland,Influenza A virus (A/Helsinki/977/2013(H1N1)),HA
ARG42801,Human,H1N1,2014,566,India,Influenza A virus (A/Kerala/RGCB140815/2014(H1N1)),HA
AHA38569,Human,H1N1,2013,566,Russia,Influenza A virus (A/Moscow/CRIE-33/2013(H1N1)),HA
ANH71227,Human,H1N1,2016,566,Czech Republic,Influenza A virus (A/Czech Republic 75/2016(H1N1)),HA
AOT93668,Human,H1N1,2016,566,USA,Influenza A virus (A/Connecticut/09/2016(H1N1)),HA
ALH26355,Human,H1N1,2014,566,USA,Influenza A virus (A/New York/41/2014(H1N1)),HA
AJY54064,Human,H1N1,2014,541,Canada,Influenza A virus (A/Alberta/18/2014(H1N1)),HA
AIM56303,Human,H1N1,2014,566,USA,Influenza A virus (A/New York/WC-LVD-14-014/2014(H1N1)),HA
ANM88280,Human,H1N1,2016,566,USA,Influenza A virus (A/Texas/31/2016(H1N1)),HA
AIW63609,Human,H1N1,2013,566,China,Influenza A virus (A/FuZhou/SWL159/2013(H1N1)),HA
AIM56777,Human,H1N1,2014,566,USA,Influenza A virus (A/New York/WC-LVD-14-058/2014(H1N1)),HA
AKE37411,Human,H1N1,2013,549,India,Influenza A virus (A/India/Lkw132620/2013(H1N1)),HA
AKE37494,Human,H1N1,2014,566,India,Influenza A virus (A/India/Pun14584/2014(H1N1)),HA
AKE37461,Human,H1N1,2013,549,India,Influenza A virus (A/India/Pun133435/2013(H1N1)),HA
APP89230,Human,H1N1,2015,543,Italy,Influenza A virus (A/Pavia/24/2015(H1N1)),HA
ANM92999,Human,H1N1,2016,566,USA,Influenza A virus (A/Washington/44/2016(H1N1)),HA
AHD24998,Human,H1N1,2013,555,France,Influenza A virus (A/Corsica/F3521_20/2013(H1N1)),HA
AIM56755,Human,H1N1,2014,566,USA,Influenza A virus (A/New York/WC-LVD-14-056/2014(H1N1)),HA
AOR17597,Human,H1N1,2015,549,India,Influenza A virus (A/India/D1510041/2015(H1N1)),HA
ANM90315,Human,H1N1,2016,566,USA,Influenza A virus (A/Arizona/06/2016(H1N1)),HA
AGV74967,Human,H1N1,2013,566,Finland,Influenza A virus (A/Helsinki/664/2013(H1N1)),HA
ANM93670,Human,H1N1,2016,566,USA,Influenza A virus (A/New York/46/2016(H1N1)),HA
AIP92956,Human,H1N1,2013,566,Finland,Influenza A virus (A/Helsinki/1260/2013(H1N1)),HA
AOT88559,Human,H1N1,2016,566,USA,Influenza A virus (A/Wisconsin/68/2016(H1N1)),HA
ALH26482,Human,H1N1,2015,566,USA,Influenza A virus (A/Montana/05/2015(H1N1)),HA
ANM90381,Human,H1N1,2016,566,USA,Influenza A virus (A/Rhode Island/04/2016(H1N1)),HA
APQ31669,Human,H1N1,2015,566,Iran,Influenza A virus (A/Shiraz/8/2015(H1N1)),HA
AOT88438,Human,H1N1,2016,566,USA,Influenza A virus (A/Alaska/21/2016(H1N1)),HA
ANM91888,Human,H1N1,2016,566,USA,Influenza A virus (A/New York/36/2016(H1N1)),HA
AIP92923,Human,H1N1,2013,566,Finland,Influenza A virus (A/Helsinki/1333/2013(H1N1)),HA
AHG96329,Human,H1N1,2013,566,USA,Influenza A virus (A/California/3494/2013(H1N1)),HA
ARK18941,Human,H1N1,2016,566,Kenya,Influenza A virus (A/Kenya/017/2016(H1N1)),HA
AHE38025,Human,H1N1,2013,566,USA,Influenza A virus (A/Texas/3474/2013(H1N1)),HA
AIW63664,Human,H1N1,2014,566,China,Influenza A virus (A/LongYan/SWL280/2014(H1N1)),HA
AKE37463,Human,H1N1,2013,549,India,Influenza A virus (A/India/Pun1338/2013(H1N1)),HA
ALH26659,Human,H1N1,2015,566,USA,Influenza A virus (A/Minnesota/04/2015(H1N1)),HA
ANM94572,Human,H1N1,2016,566,USA,Influenza A virus (A/Texas/128/2016(H1N1)),HA
AKE37458,Human,H1N1,2013,549,India,Influenza A virus (A/India/Pun132733/2013(H1N1)),HA
AOT88064,Human,H1N1,2016,566,USA,Influenza A virus (A/Massachusetts/34/2016(H1N1)),HA
AKE37481,Human,H1N1,2013,549,India,Influenza A virus (A/India/Pun13940/2013(H1N1)),HA
AGU01890,Human,H1N1,2013,566,Taiwan,Influenza A virus (A/Taiwan/80075/2013(H1N1)),HA
AGJ73380,Human,H1N1,2013,566,Iran,Influenza A virus (A/Tehran/35070/2013(H1N1)),HA
ALH26464,Human,H1N1,2014,566,USA,Influenza A virus (A/California/55/2014(H1N1)),HA
AOZ86730,Human,H1N1,2016,566,USA,Influenza A virus (A/Wisconsin/82/2016(H1N1)),HA
AHA38506,Human,H1N1,2013,566,Canada,Influenza A virus (A/Quebec/02/2013(H1N1)),HA
AHN19510,Human,H1N1,2013,566,USA,Influenza A virus (A/Illinois/NHRC415706/2013(H1N1)),HA
ANM87687,Human,H1N1,2016,566,USA,Influenza A virus (A/California/30/2016(H1N1)),HA
AMA11739,Human,H1N1,2015,566,USA,Influenza A virus (A/California/90/2015(H1N1)),HA
ANM90590,Human,H1N1,2016,566,USA,Influenza A virus (A/Georgia/12/2016(H1N1)),HA
AJI80507,Human,H1N1,2013,566,Nicaragua,Influenza A virus (A/Nicaragua/30081_01_TR1/2013(H1N1)),HA
ANM91503,Human,H1N1,2016,566,USA,Influenza A virus (A/Tennessee/06/2016(H1N1)),HA
AKE37429,Human,H1N1,2013,549,India,Influenza A virus (A/India/Pun131027/2013(H1N1)),HA
AGV75253,Human,H1N1,2013,566,Finland,Influenza A virus (A/Helsinki/493/2013(H1N1)),HA
AOT88383,Human,H1N1,2016,566,USA,Influenza A virus (A/Colorado/39/2016(H1N1)),HA
ANA11330,Human,H1N1,2016,566,Czech Republic,Influenza A virus (A/Czech Republic/23/2016(H1N1)),HA
AOT92117,Human,H1N1,2016,566,USA,Influenza A virus (A/Arizona/03/2016(H1N1)),HA
ANM90722,Human,H1N1,2016,566,USA,Influenza A virus (A/District Of Columbia/02/2016(H1N1)),HA
AHN96413,Human,H1N1,2013,566,Czech Republic,Influenza A virus (A/Czech Republic/201/2013(H1N1)),HA
AGO02696,Human,H1N1,2013,566,Brazil,Influenza A virus (A/Sao Paulo/13922/2013(H1N1)),HA
AMA65391,Human,H1N1,2015,566,Iran,Influenza A virus (A/Kerman/117007/2015(H1N1)),HA
AIM39964,Human,H1N1,2014,566,USA,Influenza A virus (A/Maine/03/2014(H1N1)),HA
APC58388,Human,H1N1,2016,566,USA,Influenza A virus (A/Alaska/15/2016(H1N1)),HA
ARB17050,Human,H1N1,2017,566,USA,Influenza A virus (A/Minnesota/11/2017(H1N1)),HA
AMA65393,Human,H1N1,2015,566,Iran,Influenza A virus (A/Sistan/57/2015(H1N1)),HA
AHX38113,Human,H1N1,2013,566,USA,Influenza A virus (A/Gainesville/08/2013(H1N1)),HA
APR73929,Human,H1N1,2016,566,South Korea,Influenza A virus (A/South Korea/5542/2016(H1N1)),HA
AGV29095,Human,H1N1,2013,566,USA,Influenza A virus (A/Indiana/22/2013(H1N1)),HA
AKE37434,Human,H1N1,2013,549,India,Influenza A virus (A/India/Pun1311704/2013(H1N1)),HA
AII19011,Human,H1N1,2014,566,Finland,Influenza A virus (A/Helsinki/292M/2014(H1N1)),HA
AIW63624,Human,H1N1,2013,566,China,Influenza A virus (A/XiaMen/SWL1123/2013(H1N1)),HA
AJE62527,Human,H1N1,2013,566,India,Influenza A virus (A/Delhi/086/2013(H1N1)),HA
AOT87074,Human,H1N1,2016,566,USA,Influenza A virus (A/New Mexico/20/2016(H1N1)),HA
APG56039,Human,H1N1,2016,566,USA,Influenza A virus (A/Kentucky/5205/2016(H1N1)),HA
APP89238,Human,H1N1,2015,560,Italy,Influenza A virus (A/Pavia/11/2015(H1N1)),HA
AOT87404,Human,H1N1,2016,566,USA,Influenza A virus (A/Oklahoma/10/2016(H1N1)),HA
ANM93197,Human,H1N1,2016,566,USA,Influenza A virus (A/Delaware/17/2016(H1N1)),HA
ANE29262,Human,H1N1,2016,566,USA,Influenza A virus (A/Texas/03/2016(H1N1)),HA
AOR17604,Human,H1N1,2015,549,India,Influenza A virus (A/India/D1510033/2015(H1N1)),HA
APQ44661,Human,H1N1,2016,566,USA,Influenza A virus (A/Massachusetts/5373/2016(H1N1)),HA
AID48021,Human,H1N1,2013,566,USA,Influenza A virus (A/South Carolina/NHRC419441/2013(H1N1)),HA
AKA63660,Human,H1N1,2014,566,Thailand,Influenza A virus (A/Thailand/CU-B9024/2014(H1N1)),HA
AKT08289,Human,H1N1,2014,566,USA,Influenza A virus (A/North Carolina/04/2014(H1N1)),HA
AOR17598,Human,H1N1,2015,549,India,Influenza A virus (A/India/D1510040/2015(H1N1)),HA
AKE37483,Human,H1N1,2013,549,India,Influenza A virus (A/India/Jai133302/2013(H1N1)),HA
AQY63068,Human,H1N1,2013,566,Saudi Arabia,Influenza A virus (A/Saudi Arabia/02/2013(H1N1)),HA
AIM39800,Human,H1N1,2014,566,USA,Influenza A virus (A/North Carolina/05/2014(H1N1)),HA
AIW63636,Human,H1N1,2013,566,China,Influenza A virus (A/XiaMen/SWL1280/2013(H1N1)),HA
AKE37427,Human,H1N1,2013,549,India,Influenza A virus (A/India/Pun132446/2013(H1N1)),HA
AIC73841,Human,H1N1,2014,566,USA,Influenza A virus (A/Washington/3809/2014(H1N1)),HA
ANM94121,Human,H1N1,2016,566,USA,Influenza A virus (A/Illinois/29/2016(H1N1)),HA
ANE28986,Human,H1N1,2015,566,USA,Influenza A virus (A/Minnesota/56/2015(H1N1)),HA
AIM56248,Human,H1N1,2014,566,USA,Influenza A virus (A/New York/WC-LVD-14-009/2014(H1N1)),HA
AHX38123,Human,H1N1,2014,566,USA,Influenza A virus (A/Gainesville/05/2014(H1N1)),HA
AHJ57577,Human,H1N1,2014,566,Canada,Influenza A virus (A/Quebec/01/2014(H1N1)),HA
ANM88445,Human,H1N1,2016,566,USA,Influenza A virus (A/Florida/21/2016(H1N1)),HA
AIX95154,Human,H1N1,2014,554,Brazil,Influenza A virus (A/Amazonas/129815-IEC/2014(H1N1)),HA
AOR17566,Human,H1N1,2015,549,India,Influenza A virus (A/India/P155355/2015(H1N1)),HA
AMN87916,Human,H1N1,2016,566,Iran,Influenza A virus (A/Iran/1417/2016(H1N1)),HA
AIM39776,Human,H1N1,2014,566,USA,Influenza A virus (A/Indiana/03/2014(H1N1)),HA
APG55935,Human,H1N1,2016,566,USA,Influenza A virus (A/Alabama/5101/2016(H1N1)),HA
AMP44842,Human,H1N1,2016,562,Canada,Influenza A virus (A/British Columbia/01/2016(H1N1)),HA
APQ31277,Human,H1N1,2016,566,China,Influenza A virus (A/Xiamen/s203/2016(H1N1)),HA
ARG42711,Human,H1N1,2014,544,China,Influenza A virus (A/JiangxiDonghu/SWL1294/2014(H1N1)),HA
AGV75000,Human,H1N1,2013,566,Finland,Influenza A virus (A/Helsinki/629/2013(H1N1)),HA
AKE37510,Human,H1N1,2015,566,India,Influenza A virus (A/India/Pun151268/2015(H1N1)),HA
AIT16791,Human,H1N1,2014,566,Finland,Influenza A virus (A/Finland/87/2014(H1N1)),HA
APG56460,Human,H1N1,2015,566,State of Palestine,Influenza A virus (A/Palestine/46/2015(H1N1)),HA
APQ31663,Human,H1N1,2015,566,Iran,Influenza A virus (A/Shiraz/9/2015(H1N1)),HA
AGV74824,Human,H1N1,2013,566,Finland,Influenza A virus (A/Helsinki/757/2013(H1N1)),HA
ARQ86113,Human,H1N1,2017,566,USA,Influenza A virus (A/New York/09/2017(H1N1)),HA
AKM15066,Human,H1N1,2013,566,Mexico,Influenza A virus (A/Mexico/091312/2013(H1N1)),HA
ANM89061,Human,H1N1,2016,566,USA,Influenza A virus (A/Kansas/09/2016(H1N1)),HA
AKT08410,Human,H1N1,2014,566,USA,Influenza A virus (A/Minnesota/08/2014(H1N1)),HA
ABW36212,Human,H1N1,2007,565,USA,Influenza A virus (A/Texas/UR06-0542/2007(H1N1)),HA
AJK01917,Human,H1N1,2007,565,Taiwan,Influenza A virus (A/Taiwan/71720/2007(H1N1)),HA
AJK01696,Human,H1N1,2006,565,China,Influenza A virus (A/Guangzhou/1684/2006(H1N1)),HA
ACF40119,Human,H1N1,2007,565,USA,Influenza A virus (A/Pennsylvania/14/2007(H1N1)),HA
ABX58602,Human,H1N1,2007,565,USA,Influenza A virus (A/Kansas/UR06-0191/2007(H1N1)),HA
ADN92771,Human,H1N1,2005,565,Taiwan,Influenza A virus (A/Taiwan/10393/2005(H1N1)),HA
ABW23302,Human,H1N1,2007,554,USA,Influenza A virus (A/Florida/03/2007(H1N1)),HA
AEX33913,Human,H1N1,2006,565,Viet Nam,Influenza A virus (A/HaNoi/Q580/2006(H1N1)),HA
ADG23238,Human,H1N1,2006,565,Iran,Influenza A virus (A/Tehran/171/2006(H1N1)),HA
ACD47248,Human,H1N1,2007,565,USA,Influenza A virus (A/California/26/2007(H1N1)),HA
AJK01932,Human,H1N1,2006,565,Ecuador,Influenza A virus (A/Ecuador/10910/2006(H1N1)),HA
ABW86321,Human,H1N1,2007,565,USA,Influenza A virus (A/Florida/UR06-0208/2007(H1N1)),HA
ACB11763,Human,H1N1,2007,565,USA,Influenza A virus (A/Maryland/04/2007(H1N1)),HA
ABY81360,Human,H1N1,2007,564,USA,Influenza A virus (A/California/UR06-0462/2007(H1N1)),HA
ABW71382,Human,H1N1,2007,565,USA,Influenza A virus (A/Kentucky/UR06-0029/2007(H1N1)),HA
AJB43453,Human,H1N1,2007,565,Singapore,Influenza A virus (A/Singapore/30L/2007(H1N1)),HA
AHL89738,Human,H1N1,2007,556,USA,Influenza A virus (A/New York/1067/2007(H1N1)),HA
AJK02412,Human,H1N1,2006,565,Ecuador,Influenza A virus (A/Ecuador/10807/2006(H1N1)),HA
ABV29612,Human,H1N1,2007,565,USA,Influenza A virus (A/Texas/UR06-0502/2007(H1N1)),HA
ACA24513,Human,H1N1,2007,565,USA,Influenza A virus (A/Ohio/UR06-0296/2007(H1N1)),HA
ABX58272,Human,H1N1,2007,565,USA,Influenza A virus (A/Colorado/UR06-0496/2007(H1N1)),HA
AJK02536,Human,H1N1,2007,565,France,Influenza A virus (A/Lyon/1388/2007(H1N1)),HA
ABB82205,Human,H1N1,2003,565,USA,Influenza A virus (A/New York/493/2003(H1N1)),HA
ABR28900,Human,H1N1,2005,565,New Zealand,Influenza A virus (A/Auckland/619/2005(H1N1)),HA
ABV29733,Human,H1N1,2007,565,USA,Influenza A virus (A/Kentucky/UR06-0363/2007(H1N1)),HA
ACI32728,Human,H1N1,2006,565,Germany,Influenza A virus (A/Baden-Wuerttemberg/3/2006(H1N1)),HA
AFJ78584,Human,H1N1,2007,565,Malaysia,Influenza A virus (A/Malaysia/1842338/2007(H1N1)),HA
ABW39817,Human,H1N1,2007,565,USA,Influenza A virus (A/Kentucky/UR06-0057/2007(H1N1)),HA
AJK00920,Human,H1N1,2006,543,Singapore,Influenza A virus (A/Singapore/72/2006(H1N1)),HA
CDR50099,Human,H1N1,2004,565,France,Influenza A virus (A/Paris/650/2004(H1N1)),HA
ACA33733,Human,H1N1,2007,565,USA,Influenza A virus (A/Washington/27/2007(H1N1)),HA
ACJ25113,Human,H1N1,2006,565,United Kingdom,Influenza A virus (A/England/593/2006(H1N1)),HA
ACU80168,Human,H1N1,2007,565,USA,Influenza A virus (A/Boston/12/2007(H1N1)),HA
AFO66246,Human,H1N1,2004,565,Hong Kong,Influenza A virus (A/Hong Kong/2637/2004(H1N1)),HA
ABV45654,Human,H1N1,2006,556,Hong Kong,Influenza A virus (A/Hong Kong/948/2006(H1N1)),HA
ABV30525,Human,H1N1,2007,565,USA,Influenza A virus (A/Kentucky/UR06-0539/2007(H1N1)),HA
ABW71393,Human,H1N1,2007,565,USA,Influenza A virus (A/Colorado/UR06-0499/2007(H1N1)),HA
AJK01925,Human,H1N1,2007,565,China,Influenza A virus (A/Heilongjiang Nangang/15/2007(H1N1)),HA
ACA33789,Human,H1N1,2007,565,USA,Influenza A virus (A/Texas/74/2007(H1N1)),HA
ABW23277,Human,H1N1,2007,548,USA,Influenza A virus (A/Pennsylvania/01/2007(H1N1)),HA
ABV29755,Human,H1N1,2007,565,USA,Influenza A virus (A/California/UR06-0435/2007(H1N1)),HA
AJK01178,Human,H1N1,2007,565,Cambodia,Influenza A virus (A/Cambodia/21/2007(H1N1)),HA
ABS71669,Human,H1N1,2006,565,Thailand,Influenza A virus (A/Thailand/CU57/2006(H1N1)),HA
ACQ73201,Human,H1N1,2006,563,USA,Influenza A virus (A/Iowa/01/2006(H1N1)),HA
ACD47246,Human,H1N1,2007,565,USA,Influenza A virus (A/Hawaii/44/2007(H1N1)),HA
ACA33776,Human,H1N1,2007,565,USA,Influenza A virus (A/Hawaii/39/2007(H1N1)),HA
AJK01588,Human,H1N1,2006,565,Thailand,Influenza A virus (A/Thailand/CU75/2006(H1N1)),HA
AEM60058,Human,H1N1,2007,565,USA,Influenza A virus (A/Colorado/UR06-0495/2007(H1N1)),HA
ACI32731,Human,H1N1,2006,565,Germany,Influenza A virus (A/Berlin/6/2006(H1N1)),HA
AJK02899,Human,H1N1,2007,565,USA,Influenza A virus (A/California/02/2007(H1N1)),HA
ABI21233,Human,H1N1,2005,565,New Zealand,Influenza A virus (A/Wellington/13/2005(H1N1)),HA
ABW81508,Human,H1N1,2001,565,Denmark,Influenza A virus (A/Denmark/16/2001(H1N1)),HA
ACD37430,Human,H1N1,1999,565,New Caledonia,Influenza A virus (A/New Caledonia/20/1999(H1N1)),HA
ABR15907,Human,H1N1,2000,565,New Zealand,Influenza A virus (A/Auckland/581/2000(H1N1)),HA
AEX34473,Human,H1N1,2001,565,Viet Nam,Influenza A virus (A/HaNoi/2480/2001(H1N1)),HA
ABW81510,Human,H1N1,2001,565,Denmark,Influenza A virus (A/Denmark/20/2001(H1N1)),HA
AAZ83253,Human,H1N1,2002,565,USA,Influenza A virus (A/New York/220/2002(H1N1)),HA
AJK01424,Human,H1N1,2000,564,New Zealand,Influenza A virus (A/Canterbury/33/2000(H1N1)),HA
AFO65049,Human,H1N1,2000,565,Brazil,Influenza A virus (A/Brazil/74200/2000(H1N1)),HA
AFO65038,Human,H1N1,2000,565,Thailand,Influenza A virus (A/Bangkok/163/2000(H1N1)),HA
AFP33324,Human,H1N1,2000,566,United Kingdom,Influenza A virus (A/England/192/2000(H1N1)),HA
AJK00875,Human,H1N1,2001,565,USA,Influenza A virus (A/New York/242/2001(H1N1)),HA
AFJ78342,Human,H1N1,2000,565,Malaysia,Influenza A virus (A/Malaysia/14075/2000(H1N1)),HA
ABB80045,Human,H1N1,2001,565,USA,Influenza A virus (A/New York/212/2001(H1N1)),HA
ACR15326,Human,H1N1,2002,565,Taiwan,Influenza A virus (A/Taiwan/123/2002(H1N1)),HA
ABD59849,Human,H1N1,1999,565,Taiwan,Influenza A virus (A/Taiwan/4845/1999(H1N1)),HA
AAP60036,Human,H1N1,1996,566,USA,Influenza A virus (A/Memphis/14/96-M(H1N1)),HA
AAP34325,Human,H1N1,1995,562,China,Influenza A virus (A/Shenzhen/227/1995(H1N1)),HA
AFO64857,Human,H1N1,1995,566,China,Influenza A virus (A/Shengzhen/227/1995(H1N1)),HA
AFJ78298,Human,H1N1,1997,565,Malaysia,Influenza A virus (A/Malaysia/11641/1997(H1N1)),HA
ABI20870,Human,H1N1,1995,566,USA,Influenza A virus (A/New York/656/1995(H1N1)),HA
AAL60443,Human,H1N1,1995,562,USA,Influenza A virus (A/Charlottesville/28/95(H1N1)),HA
ABN51066,Human,H1N1,1996,566,USA,Influenza A virus (A/Memphis/13/1996(H1N1)),HA
ABI92302,Human,H1N1,1983,566,USA,Influenza A virus (A/Memphis/6/1983(H1N1)),HA
ABG88344,Human,H1N1,1983,566,USA,Influenza A virus (A/Memphis/2/1983(H1N1)),HA
CAA35094,Human,H1N1,1983,566,New Zealand,Influenza A virus (A/CHR/157/83(H1N1)),HA
ABP49448,Human,H1N1,1978,566,USA,Influenza A virus (A/Albany/20/1978(H1N1)),HA
ABO52258,Human,H1N1,1981,566,USA,Influenza A virus (A/Baylor/4052/1981(H1N1)),HA
CAA24272,Human,H1N1,1934,566,Puerto Rico,Influenza A virus (A/Puerto Rico/8/1934(H1N1)),HA
CCH23213,Human,H1N1,1934,565,Puerto Rico,Influenza A virus (A/Puerto Rico/8/1934(H1N1)),HA
AAP34322,Human,H1N1,1991,566,USA,Influenza A virus (A/Texas/36/1991(H1N1)),HA
ADT78936,Human,H1N1,1951,566,Netherlands,Influenza A virus (A/Netherlands/002P1/1951(H1N1)),HA
ACV49567,Human,H1N1,1947,566,USA,Influenza A virus (A/Fort Monmouth/1/1947(H1N1)),HA
AHN00717,Human,H1N1,1976,566,USA,Influenza A virus (A/Wisconsin/263/1976(H1N1)),HA
AFV53260,Human,H1N1,1957,565,China,Influenza A virus (A/Kw/1/1957(H1N1)),HA
ABI20826,Human,H1N1,1940,566,USA,Influenza A virus (A/Hickox/1940(H1N1)),HA
AAD17229,Human,H1N1,1918,566,USA,Influenza A virus (A/South Carolina/1/1918(H1N1)),HA
